Using device: NVIDIA H100 80GB HBM3
Running inference on 1900 test records with Qwen/Qwen3-32B
Output: results/Qwen_Qwen3-32B_results.jsonl

  JSON parse failed (attempt 1), retrying...
  JSON parse failed (attempt 2), retrying...
[1/1900] OK
  JSON parse failed (attempt 1), retrying...
[2/1900] OK
  JSON parse failed (attempt 1), retrying...
  JSON parse failed (attempt 2), retrying...
  All attempts failed — storing raw output.
[3/1900] FAIL
  JSON parse failed (attempt 1), retrying...
  JSON parse failed (attempt 2), retrying...
  All attempts failed — storing raw output.
[4/1900] FAIL
  JSON parse failed (attempt 1), retrying...
  JSON parse failed (attempt 2), retrying...
  All attempts failed — storing raw output.
[5/1900] FAIL
  JSON parse failed (attempt 1), retrying...
  JSON parse failed (attempt 2), retrying...
  All attempts failed — storing raw output.
[6/1900] FAIL
  JSON parse failed (attempt 1), retrying...
  JSON parse failed (attempt 2), retrying...
  All attempts failed — storing raw output.
[7/1900] FAIL
  JSON parse failed (attempt 1), retrying...
  JSON parse failed (attempt 2), retrying...
  All attempts failed — storing raw output.
[8/1900] FAIL
[9/1900] OK
  JSON parse failed (attempt 1), retrying...
  JSON parse failed (attempt 2), retrying...
  All attempts failed — storing raw output.
[10/1900] FAIL
[11/1900] OK
  JSON parse failed (attempt 1), retrying...
  JSON parse failed (attempt 2), retrying...
  All attempts failed — storing raw output.
[12/1900] FAIL
  JSON parse failed (attempt 1), retrying...
  JSON parse failed (attempt 2), retrying...
  All attempts failed — storing raw output.
[13/1900] FAIL
  JSON parse failed (attempt 1), retrying...
  JSON parse failed (attempt 2), retrying...
  All attempts failed — storing raw output.
[14/1900] FAIL
  JSON parse failed (attempt 1), retrying...
  JSON parse failed (attempt 2), retrying...
  All attempts failed — storing raw output.
[15/1900] FAIL
  JSON parse failed (attempt 1), retrying...
  JSON parse failed (attempt 2), retrying...
  All attempts failed — storing raw output.
[16/1900] FAIL
  JSON parse failed (attempt 1), retrying...
  JSON parse failed (attempt 2), retrying...
  All attempts failed — storing raw output.
[17/1900] FAIL
  JSON parse failed (attempt 1), retrying...
  JSON parse failed (attempt 2), retrying...
[18/1900] OK
  JSON parse failed (attempt 1), retrying...
  JSON parse failed (attempt 2), retrying...
  All attempts failed — storing raw output.
[19/1900] FAIL
  JSON parse failed (attempt 1), retrying...
  JSON parse failed (attempt 2), retrying...
  All attempts failed — storing raw output.
[20/1900] FAIL
  JSON parse failed (attempt 1), retrying...
  JSON parse failed (attempt 2), retrying...
  All attempts failed — storing raw output.
[21/1900] FAIL
  JSON parse failed (attempt 1), retrying...
  JSON parse failed (attempt 2), retrying...
  All attempts failed — storing raw output.
[22/1900] FAIL
  JSON parse failed (attempt 1), retrying...
  JSON parse failed (attempt 2), retrying...
  All attempts failed — storing raw output.
[23/1900] FAIL
  JSON parse failed (attempt 1), retrying...
[24/1900] OK
  JSON parse failed (attempt 1), retrying...
[25/1900] OK
  JSON parse failed (attempt 1), retrying...
  JSON parse failed (attempt 2), retrying...
  All attempts failed — storing raw output.
[26/1900] FAIL
[27/1900] OK
  JSON parse failed (attempt 1), retrying...
[28/1900] OK
  JSON parse failed (attempt 1), retrying...
  JSON parse failed (attempt 2), retrying...
  All attempts failed — storing raw output.
[29/1900] FAIL
  JSON parse failed (attempt 1), retrying...
  JSON parse failed (attempt 2), retrying...
  All attempts failed — storing raw output.
[30/1900] FAIL
  JSON parse failed (attempt 1), retrying...
  JSON parse failed (attempt 2), retrying...
  All attempts failed — storing raw output.
[31/1900] FAIL
  JSON parse failed (attempt 1), retrying...
[32/1900] OK
  JSON parse failed (attempt 1), retrying...
  JSON parse failed (attempt 2), retrying...
  All attempts failed — storing raw output.
[33/1900] FAIL
  JSON parse failed (attempt 1), retrying...
  JSON parse failed (attempt 2), retrying...
  All attempts failed — storing raw output.
[34/1900] FAIL
  JSON parse failed (attempt 1), retrying...
  JSON parse failed (attempt 2), retrying...
  All attempts failed — storing raw output.
[35/1900] FAIL
  JSON parse failed (attempt 1), retrying...
  JSON parse failed (attempt 2), retrying...
  All attempts failed — storing raw output.
[36/1900] FAIL
  JSON parse failed (attempt 1), retrying...
  JSON parse failed (attempt 2), retrying...
  All attempts failed — storing raw output.
[37/1900] FAIL
  JSON parse failed (attempt 1), retrying...
  JSON parse failed (attempt 2), retrying...
  All attempts failed — storing raw output.
[38/1900] FAIL
  JSON parse failed (attempt 1), retrying...
  JSON parse failed (attempt 2), retrying...
[39/1900] OK
  JSON parse failed (attempt 1), retrying...
  JSON parse failed (attempt 2), retrying...
[40/1900] OK
  JSON parse failed (attempt 1), retrying...
  JSON parse failed (attempt 2), retrying...
  All attempts failed — storing raw output.
[41/1900] FAIL
  JSON parse failed (attempt 1), retrying...
[42/1900] OK
  JSON parse failed (attempt 1), retrying...
  JSON parse failed (attempt 2), retrying...
  All attempts failed — storing raw output.
[43/1900] FAIL
  JSON parse failed (attempt 1), retrying...
  JSON parse failed (attempt 2), retrying...
  All attempts failed — storing raw output.
[44/1900] FAIL
  JSON parse failed (attempt 1), retrying...
  JSON parse failed (attempt 2), retrying...
  All attempts failed — storing raw output.
[45/1900] FAIL
  JSON parse failed (attempt 1), retrying...
  JSON parse failed (attempt 2), retrying...
  All attempts failed — storing raw output.
[46/1900] FAIL
  JSON parse failed (attempt 1), retrying...
  JSON parse failed (attempt 2), retrying...
  All attempts failed — storing raw output.
[47/1900] FAIL
  JSON parse failed (attempt 1), retrying...
  JSON parse failed (attempt 2), retrying...
  All attempts failed — storing raw output.
[48/1900] FAIL
[49/1900] OK
  JSON parse failed (attempt 1), retrying...
[50/1900] OK
[51/1900] OK
  JSON parse failed (attempt 1), retrying...
  JSON parse failed (attempt 2), retrying...
  All attempts failed — storing raw output.
[52/1900] FAIL
  JSON parse failed (attempt 1), retrying...
  JSON parse failed (attempt 2), retrying...
  All attempts failed — storing raw output.
[53/1900] FAIL
  JSON parse failed (attempt 1), retrying...
[54/1900] OK
[55/1900] OK
  JSON parse failed (attempt 1), retrying...
  JSON parse failed (attempt 2), retrying...
  All attempts failed — storing raw output.
[56/1900] FAIL
[57/1900] OK
[58/1900] OK
  JSON parse failed (attempt 1), retrying...
  JSON parse failed (attempt 2), retrying...
  All attempts failed — storing raw output.
[59/1900] FAIL
  JSON parse failed (attempt 1), retrying...
  JSON parse failed (attempt 2), retrying...
[60/1900] OK
  JSON parse failed (attempt 1), retrying...
  JSON parse failed (attempt 2), retrying...
  All attempts failed — storing raw output.
[61/1900] FAIL
  JSON parse failed (attempt 1), retrying...
  JSON parse failed (attempt 2), retrying...
  All attempts failed — storing raw output.
[62/1900] FAIL
  JSON parse failed (attempt 1), retrying...
[63/1900] OK
  JSON parse failed (attempt 1), retrying...
  JSON parse failed (attempt 2), retrying...
  All attempts failed — storing raw output.
[64/1900] FAIL
[65/1900] OK
  JSON parse failed (attempt 1), retrying...
  JSON parse failed (attempt 2), retrying...
  All attempts failed — storing raw output.
[66/1900] FAIL
  JSON parse failed (attempt 1), retrying...
  JSON parse failed (attempt 2), retrying...
  All attempts failed — storing raw output.
[67/1900] FAIL
  JSON parse failed (attempt 1), retrying...
  JSON parse failed (attempt 2), retrying...
  All attempts failed — storing raw output.
[68/1900] FAIL
[69/1900] OK
  JSON parse failed (attempt 1), retrying...
[70/1900] OK
  JSON parse failed (attempt 1), retrying...
  JSON parse failed (attempt 2), retrying...
  All attempts failed — storing raw output.
[71/1900] FAIL
  JSON parse failed (attempt 1), retrying...
  JSON parse failed (attempt 2), retrying...
  All attempts failed — storing raw output.
[72/1900] FAIL
  JSON parse failed (attempt 1), retrying...
[73/1900] OK
  JSON parse failed (attempt 1), retrying...
[74/1900] OK
  JSON parse failed (attempt 1), retrying...
[75/1900] OK
  JSON parse failed (attempt 1), retrying...
  JSON parse failed (attempt 2), retrying...
  All attempts failed — storing raw output.
[76/1900] FAIL
  JSON parse failed (attempt 1), retrying...
  JSON parse failed (attempt 2), retrying...
  All attempts failed — storing raw output.
[77/1900] FAIL
  JSON parse failed (attempt 1), retrying...
  JSON parse failed (attempt 2), retrying...
  All attempts failed — storing raw output.
[78/1900] FAIL
  JSON parse failed (attempt 1), retrying...
  JSON parse failed (attempt 2), retrying...
  All attempts failed — storing raw output.
[79/1900] FAIL
  JSON parse failed (attempt 1), retrying...
  JSON parse failed (attempt 2), retrying...
[80/1900] OK
  JSON parse failed (attempt 1), retrying...
  JSON parse failed (attempt 2), retrying...
  All attempts failed — storing raw output.
[81/1900] FAIL
  JSON parse failed (attempt 1), retrying...
  JSON parse failed (attempt 2), retrying...
  All attempts failed — storing raw output.
[82/1900] FAIL
  JSON parse failed (attempt 1), retrying...
  JSON parse failed (attempt 2), retrying...
  All attempts failed — storing raw output.
[83/1900] FAIL
[84/1900] OK
[85/1900] OK
  JSON parse failed (attempt 1), retrying...
  JSON parse failed (attempt 2), retrying...
  All attempts failed — storing raw output.
[86/1900] FAIL
  JSON parse failed (attempt 1), retrying...
  JSON parse failed (attempt 2), retrying...
  All attempts failed — storing raw output.
[87/1900] FAIL
  JSON parse failed (attempt 1), retrying...
  JSON parse failed (attempt 2), retrying...
  All attempts failed — storing raw output.
[88/1900] FAIL
  JSON parse failed (attempt 1), retrying...
  JSON parse failed (attempt 2), retrying...
[89/1900] OK
  JSON parse failed (attempt 1), retrying...
[90/1900] OK
  JSON parse failed (attempt 1), retrying...
  JSON parse failed (attempt 2), retrying...
[91/1900] OK
  JSON parse failed (attempt 1), retrying...
  JSON parse failed (attempt 2), retrying...
  All attempts failed — storing raw output.
[92/1900] FAIL
  JSON parse failed (attempt 1), retrying...
  JSON parse failed (attempt 2), retrying...
[93/1900] OK
  JSON parse failed (attempt 1), retrying...
  JSON parse failed (attempt 2), retrying...
  All attempts failed — storing raw output.
[94/1900] FAIL
[95/1900] OK
  JSON parse failed (attempt 1), retrying...
  JSON parse failed (attempt 2), retrying...
  All attempts failed — storing raw output.
[96/1900] FAIL
[97/1900] OK
  JSON parse failed (attempt 1), retrying...
  JSON parse failed (attempt 2), retrying...
  All attempts failed — storing raw output.
[98/1900] FAIL
  JSON parse failed (attempt 1), retrying...
  JSON parse failed (attempt 2), retrying...
  All attempts failed — storing raw output.
[99/1900] FAIL
[100/1900] OK
  JSON parse failed (attempt 1), retrying...
  JSON parse failed (attempt 2), retrying...
  All attempts failed — storing raw output.
[101/1900] FAIL
  JSON parse failed (attempt 1), retrying...
  JSON parse failed (attempt 2), retrying...
  All attempts failed — storing raw output.
[102/1900] FAIL
[103/1900] OK
  JSON parse failed (attempt 1), retrying...
  JSON parse failed (attempt 2), retrying...
  All attempts failed — storing raw output.
[104/1900] FAIL
  JSON parse failed (attempt 1), retrying...
[105/1900] OK
[106/1900] OK
  JSON parse failed (attempt 1), retrying...
  JSON parse failed (attempt 2), retrying...
  All attempts failed — storing raw output.
[107/1900] FAIL
  JSON parse failed (attempt 1), retrying...
  JSON parse failed (attempt 2), retrying...
  All attempts failed — storing raw output.
[108/1900] FAIL
  JSON parse failed (attempt 1), retrying...
  JSON parse failed (attempt 2), retrying...
  All attempts failed — storing raw output.
[109/1900] FAIL
  JSON parse failed (attempt 1), retrying...
[110/1900] OK
[111/1900] OK
[112/1900] OK
  JSON parse failed (attempt 1), retrying...
  JSON parse failed (attempt 2), retrying...
  All attempts failed — storing raw output.
[113/1900] FAIL
  JSON parse failed (attempt 1), retrying...
  JSON parse failed (attempt 2), retrying...
  All attempts failed — storing raw output.
[114/1900] FAIL
  JSON parse failed (attempt 1), retrying...
  JSON parse failed (attempt 2), retrying...
  All attempts failed — storing raw output.
[115/1900] FAIL
  JSON parse failed (attempt 1), retrying...
  JSON parse failed (attempt 2), retrying...
  All attempts failed — storing raw output.
[116/1900] FAIL
  JSON parse failed (attempt 1), retrying...
  JSON parse failed (attempt 2), retrying...
  All attempts failed — storing raw output.
[117/1900] FAIL
  JSON parse failed (attempt 1), retrying...
  JSON parse failed (attempt 2), retrying...
  All attempts failed — storing raw output.
[118/1900] FAIL
  JSON parse failed (attempt 1), retrying...
  JSON parse failed (attempt 2), retrying...
  All attempts failed — storing raw output.
[119/1900] FAIL
  JSON parse failed (attempt 1), retrying...
  JSON parse failed (attempt 2), retrying...
  All attempts failed — storing raw output.
[120/1900] FAIL
  JSON parse failed (attempt 1), retrying...
  JSON parse failed (attempt 2), retrying...
[121/1900] OK
  JSON parse failed (attempt 1), retrying...
  JSON parse failed (attempt 2), retrying...
  All attempts failed — storing raw output.
[122/1900] FAIL
[123/1900] OK
  JSON parse failed (attempt 1), retrying...
  JSON parse failed (attempt 2), retrying...
[124/1900] OK
  JSON parse failed (attempt 1), retrying...
[125/1900] OK
  JSON parse failed (attempt 1), retrying...
[126/1900] OK
  JSON parse failed (attempt 1), retrying...
  JSON parse failed (attempt 2), retrying...
  All attempts failed — storing raw output.
[127/1900] FAIL
  JSON parse failed (attempt 1), retrying...
[128/1900] OK
  JSON parse failed (attempt 1), retrying...
  JSON parse failed (attempt 2), retrying...
  All attempts failed — storing raw output.
[129/1900] FAIL
  JSON parse failed (attempt 1), retrying...
  JSON parse failed (attempt 2), retrying...
  All attempts failed — storing raw output.
[130/1900] FAIL
  JSON parse failed (attempt 1), retrying...
[131/1900] OK
[132/1900] OK
  JSON parse failed (attempt 1), retrying...
  JSON parse failed (attempt 2), retrying...
  All attempts failed — storing raw output.
[133/1900] FAIL
[134/1900] OK
  JSON parse failed (attempt 1), retrying...
  JSON parse failed (attempt 2), retrying...
[135/1900] OK
  JSON parse failed (attempt 1), retrying...
  JSON parse failed (attempt 2), retrying...
  All attempts failed — storing raw output.
[136/1900] FAIL
  JSON parse failed (attempt 1), retrying...
[137/1900] OK
  JSON parse failed (attempt 1), retrying...
  JSON parse failed (attempt 2), retrying...
  All attempts failed — storing raw output.
[138/1900] FAIL
[139/1900] OK
  JSON parse failed (attempt 1), retrying...
[140/1900] OK
  JSON parse failed (attempt 1), retrying...
  JSON parse failed (attempt 2), retrying...
  All attempts failed — storing raw output.
[141/1900] FAIL
  JSON parse failed (attempt 1), retrying...
  JSON parse failed (attempt 2), retrying...
[142/1900] OK
  JSON parse failed (attempt 1), retrying...
  JSON parse failed (attempt 2), retrying...
[143/1900] OK
  JSON parse failed (attempt 1), retrying...
  JSON parse failed (attempt 2), retrying...
  All attempts failed — storing raw output.
[144/1900] FAIL
  JSON parse failed (attempt 1), retrying...
  JSON parse failed (attempt 2), retrying...
  All attempts failed — storing raw output.
[145/1900] FAIL
[146/1900] OK
  JSON parse failed (attempt 1), retrying...
  JSON parse failed (attempt 2), retrying...
[147/1900] OK
  JSON parse failed (attempt 1), retrying...
  JSON parse failed (attempt 2), retrying...
  All attempts failed — storing raw output.
[148/1900] FAIL
  JSON parse failed (attempt 1), retrying...
  JSON parse failed (attempt 2), retrying...
[149/1900] OK
  JSON parse failed (attempt 1), retrying...
  JSON parse failed (attempt 2), retrying...
  All attempts failed — storing raw output.
[150/1900] FAIL
  JSON parse failed (attempt 1), retrying...
  JSON parse failed (attempt 2), retrying...
  All attempts failed — storing raw output.
[151/1900] FAIL
  JSON parse failed (attempt 1), retrying...
[152/1900] OK
  JSON parse failed (attempt 1), retrying...
  JSON parse failed (attempt 2), retrying...
  All attempts failed — storing raw output.
[153/1900] FAIL
[154/1900] OK
  JSON parse failed (attempt 1), retrying...
[155/1900] OK
  JSON parse failed (attempt 1), retrying...
  JSON parse failed (attempt 2), retrying...
  All attempts failed — storing raw output.
[156/1900] FAIL
  JSON parse failed (attempt 1), retrying...
  JSON parse failed (attempt 2), retrying...
  All attempts failed — storing raw output.
[157/1900] FAIL
  JSON parse failed (attempt 1), retrying...
  JSON parse failed (attempt 2), retrying...
  All attempts failed — storing raw output.
[158/1900] FAIL
  JSON parse failed (attempt 1), retrying...
  JSON parse failed (attempt 2), retrying...
  All attempts failed — storing raw output.
[159/1900] FAIL
[160/1900] OK
  JSON parse failed (attempt 1), retrying...
  JSON parse failed (attempt 2), retrying...
[161/1900] OK
  JSON parse failed (attempt 1), retrying...
  JSON parse failed (attempt 2), retrying...
  All attempts failed — storing raw output.
[162/1900] FAIL
  JSON parse failed (attempt 1), retrying...
  JSON parse failed (attempt 2), retrying...
[163/1900] OK
  JSON parse failed (attempt 1), retrying...
  JSON parse failed (attempt 2), retrying...
  All attempts failed — storing raw output.
[164/1900] FAIL
  JSON parse failed (attempt 1), retrying...
  JSON parse failed (attempt 2), retrying...
[165/1900] OK
  JSON parse failed (attempt 1), retrying...
  JSON parse failed (attempt 2), retrying...
  All attempts failed — storing raw output.
[166/1900] FAIL
  JSON parse failed (attempt 1), retrying...
  JSON parse failed (attempt 2), retrying...
  All attempts failed — storing raw output.
[167/1900] FAIL
  JSON parse failed (attempt 1), retrying...
  JSON parse failed (attempt 2), retrying...
  All attempts failed — storing raw output.
[168/1900] FAIL
  JSON parse failed (attempt 1), retrying...
  JSON parse failed (attempt 2), retrying...
[169/1900] OK
  JSON parse failed (attempt 1), retrying...
  JSON parse failed (attempt 2), retrying...
  All attempts failed — storing raw output.
[170/1900] FAIL
  JSON parse failed (attempt 1), retrying...
[171/1900] OK
  JSON parse failed (attempt 1), retrying...
  JSON parse failed (attempt 2), retrying...
  All attempts failed — storing raw output.
[172/1900] FAIL
  JSON parse failed (attempt 1), retrying...
  JSON parse failed (attempt 2), retrying...
[173/1900] OK
  JSON parse failed (attempt 1), retrying...
  JSON parse failed (attempt 2), retrying...
  All attempts failed — storing raw output.
[174/1900] FAIL
  JSON parse failed (attempt 1), retrying...
  JSON parse failed (attempt 2), retrying...
  All attempts failed — storing raw output.
[175/1900] FAIL
  JSON parse failed (attempt 1), retrying...
  JSON parse failed (attempt 2), retrying...
  All attempts failed — storing raw output.
[176/1900] FAIL
  JSON parse failed (attempt 1), retrying...
  JSON parse failed (attempt 2), retrying...
[177/1900] OK
  JSON parse failed (attempt 1), retrying...
[178/1900] OK
  JSON parse failed (attempt 1), retrying...
  JSON parse failed (attempt 2), retrying...
[179/1900] OK
  JSON parse failed (attempt 1), retrying...
[180/1900] OK
  JSON parse failed (attempt 1), retrying...
  JSON parse failed (attempt 2), retrying...
[181/1900] OK
[182/1900] OK
  JSON parse failed (attempt 1), retrying...
  JSON parse failed (attempt 2), retrying...
  All attempts failed — storing raw output.
[183/1900] FAIL
[184/1900] OK
  JSON parse failed (attempt 1), retrying...
  JSON parse failed (attempt 2), retrying...
  All attempts failed — storing raw output.
[185/1900] FAIL
  JSON parse failed (attempt 1), retrying...
  JSON parse failed (attempt 2), retrying...
  All attempts failed — storing raw output.
[186/1900] FAIL
  JSON parse failed (attempt 1), retrying...
  JSON parse failed (attempt 2), retrying...
[187/1900] OK
[188/1900] OK
[189/1900] OK
  JSON parse failed (attempt 1), retrying...
  JSON parse failed (attempt 2), retrying...
  All attempts failed — storing raw output.
[190/1900] FAIL
  JSON parse failed (attempt 1), retrying...
  JSON parse failed (attempt 2), retrying...
  All attempts failed — storing raw output.
[191/1900] FAIL
  JSON parse failed (attempt 1), retrying...
  JSON parse failed (attempt 2), retrying...
  All attempts failed — storing raw output.
[192/1900] FAIL
  JSON parse failed (attempt 1), retrying...
[193/1900] OK
  JSON parse failed (attempt 1), retrying...
  JSON parse failed (attempt 2), retrying...
  All attempts failed — storing raw output.
[194/1900] FAIL
  JSON parse failed (attempt 1), retrying...
  JSON parse failed (attempt 2), retrying...
  All attempts failed — storing raw output.
[195/1900] FAIL
  JSON parse failed (attempt 1), retrying...
  JSON parse failed (attempt 2), retrying...
  All attempts failed — storing raw output.
[196/1900] FAIL
  JSON parse failed (attempt 1), retrying...
  JSON parse failed (attempt 2), retrying...
  All attempts failed — storing raw output.
[197/1900] FAIL
  JSON parse failed (attempt 1), retrying...
  JSON parse failed (attempt 2), retrying...
[198/1900] OK
[199/1900] OK
  JSON parse failed (attempt 1), retrying...
  JSON parse failed (attempt 2), retrying...
  All attempts failed — storing raw output.
[200/1900] FAIL
  JSON parse failed (attempt 1), retrying...
  JSON parse failed (attempt 2), retrying...
  All attempts failed — storing raw output.
[201/1900] FAIL
  JSON parse failed (attempt 1), retrying...
  JSON parse failed (attempt 2), retrying...
  All attempts failed — storing raw output.
[202/1900] FAIL
[203/1900] OK
  JSON parse failed (attempt 1), retrying...
  JSON parse failed (attempt 2), retrying...
  All attempts failed — storing raw output.
[204/1900] FAIL
  JSON parse failed (attempt 1), retrying...
  JSON parse failed (attempt 2), retrying...
  All attempts failed — storing raw output.
[205/1900] FAIL
[206/1900] OK
  JSON parse failed (attempt 1), retrying...
  JSON parse failed (attempt 2), retrying...
  All attempts failed — storing raw output.
[207/1900] FAIL
  JSON parse failed (attempt 1), retrying...
  JSON parse failed (attempt 2), retrying...
  All attempts failed — storing raw output.
[208/1900] FAIL
[209/1900] OK
  JSON parse failed (attempt 1), retrying...
[210/1900] OK
  JSON parse failed (attempt 1), retrying...
  JSON parse failed (attempt 2), retrying...
  All attempts failed — storing raw output.
[211/1900] FAIL
  JSON parse failed (attempt 1), retrying...
  JSON parse failed (attempt 2), retrying...
  All attempts failed — storing raw output.
[212/1900] FAIL
  JSON parse failed (attempt 1), retrying...
  JSON parse failed (attempt 2), retrying...
  All attempts failed — storing raw output.
[213/1900] FAIL
[214/1900] OK
  JSON parse failed (attempt 1), retrying...
  JSON parse failed (attempt 2), retrying...
[215/1900] OK
[216/1900] OK
[217/1900] OK
[218/1900] OK
  JSON parse failed (attempt 1), retrying...
  JSON parse failed (attempt 2), retrying...
  All attempts failed — storing raw output.
[219/1900] FAIL
  JSON parse failed (attempt 1), retrying...
  JSON parse failed (attempt 2), retrying...
  All attempts failed — storing raw output.
[220/1900] FAIL
  JSON parse failed (attempt 1), retrying...
  JSON parse failed (attempt 2), retrying...
[221/1900] OK
  JSON parse failed (attempt 1), retrying...
[222/1900] OK
  JSON parse failed (attempt 1), retrying...
  JSON parse failed (attempt 2), retrying...
  All attempts failed — storing raw output.
[223/1900] FAIL
  JSON parse failed (attempt 1), retrying...
  JSON parse failed (attempt 2), retrying...
  All attempts failed — storing raw output.
[224/1900] FAIL
  JSON parse failed (attempt 1), retrying...
  JSON parse failed (attempt 2), retrying...
  All attempts failed — storing raw output.
[225/1900] FAIL
  JSON parse failed (attempt 1), retrying...
  JSON parse failed (attempt 2), retrying...
  All attempts failed — storing raw output.
[226/1900] FAIL
  JSON parse failed (attempt 1), retrying...
  JSON parse failed (attempt 2), retrying...
  All attempts failed — storing raw output.
[227/1900] FAIL
  JSON parse failed (attempt 1), retrying...
  JSON parse failed (attempt 2), retrying...
  All attempts failed — storing raw output.
[228/1900] FAIL
  JSON parse failed (attempt 1), retrying...
  JSON parse failed (attempt 2), retrying...
[229/1900] OK
  JSON parse failed (attempt 1), retrying...
  JSON parse failed (attempt 2), retrying...
  All attempts failed — storing raw output.
[230/1900] FAIL
[231/1900] OK
  JSON parse failed (attempt 1), retrying...
[232/1900] OK
  JSON parse failed (attempt 1), retrying...
  JSON parse failed (attempt 2), retrying...
  All attempts failed — storing raw output.
[233/1900] FAIL
  JSON parse failed (attempt 1), retrying...
  JSON parse failed (attempt 2), retrying...
  All attempts failed — storing raw output.
[234/1900] FAIL
  JSON parse failed (attempt 1), retrying...
[235/1900] OK
  JSON parse failed (attempt 1), retrying...
[236/1900] OK
  JSON parse failed (attempt 1), retrying...
  JSON parse failed (attempt 2), retrying...
  All attempts failed — storing raw output.
[237/1900] FAIL
  JSON parse failed (attempt 1), retrying...
  JSON parse failed (attempt 2), retrying...
  All attempts failed — storing raw output.
[238/1900] FAIL
  JSON parse failed (attempt 1), retrying...
  JSON parse failed (attempt 2), retrying...
  All attempts failed — storing raw output.
[239/1900] FAIL
[240/1900] OK
  JSON parse failed (attempt 1), retrying...
  JSON parse failed (attempt 2), retrying...
  All attempts failed — storing raw output.
[241/1900] FAIL
  JSON parse failed (attempt 1), retrying...
  JSON parse failed (attempt 2), retrying...
  All attempts failed — storing raw output.
[242/1900] FAIL
  JSON parse failed (attempt 1), retrying...
  JSON parse failed (attempt 2), retrying...
[243/1900] OK
  JSON parse failed (attempt 1), retrying...
  JSON parse failed (attempt 2), retrying...
  All attempts failed — storing raw output.
[244/1900] FAIL
  JSON parse failed (attempt 1), retrying...
  JSON parse failed (attempt 2), retrying...
[245/1900] OK
  JSON parse failed (attempt 1), retrying...
[246/1900] OK
  JSON parse failed (attempt 1), retrying...
  JSON parse failed (attempt 2), retrying...
[247/1900] OK
  JSON parse failed (attempt 1), retrying...
[248/1900] OK
  JSON parse failed (attempt 1), retrying...
  JSON parse failed (attempt 2), retrying...
  All attempts failed — storing raw output.
[249/1900] FAIL
  JSON parse failed (attempt 1), retrying...
  JSON parse failed (attempt 2), retrying...
  All attempts failed — storing raw output.
[250/1900] FAIL
  JSON parse failed (attempt 1), retrying...
  JSON parse failed (attempt 2), retrying...
  All attempts failed — storing raw output.
[251/1900] FAIL
  JSON parse failed (attempt 1), retrying...
  JSON parse failed (attempt 2), retrying...
[252/1900] OK
  JSON parse failed (attempt 1), retrying...
  JSON parse failed (attempt 2), retrying...
  All attempts failed — storing raw output.
[253/1900] FAIL
  JSON parse failed (attempt 1), retrying...
  JSON parse failed (attempt 2), retrying...
  All attempts failed — storing raw output.
[254/1900] FAIL
  JSON parse failed (attempt 1), retrying...
  JSON parse failed (attempt 2), retrying...
  All attempts failed — storing raw output.
[255/1900] FAIL
[256/1900] OK
  JSON parse failed (attempt 1), retrying...
  JSON parse failed (attempt 2), retrying...
  All attempts failed — storing raw output.
[257/1900] FAIL
  JSON parse failed (attempt 1), retrying...
  JSON parse failed (attempt 2), retrying...
  All attempts failed — storing raw output.
[258/1900] FAIL
  JSON parse failed (attempt 1), retrying...
  JSON parse failed (attempt 2), retrying...
  All attempts failed — storing raw output.
[259/1900] FAIL
  JSON parse failed (attempt 1), retrying...
  JSON parse failed (attempt 2), retrying...
  All attempts failed — storing raw output.
[260/1900] FAIL
  JSON parse failed (attempt 1), retrying...
  JSON parse failed (attempt 2), retrying...
  All attempts failed — storing raw output.
[261/1900] FAIL
  JSON parse failed (attempt 1), retrying...
[262/1900] OK
  JSON parse failed (attempt 1), retrying...
[263/1900] OK
  JSON parse failed (attempt 1), retrying...
  JSON parse failed (attempt 2), retrying...
[264/1900] OK
  JSON parse failed (attempt 1), retrying...
  JSON parse failed (attempt 2), retrying...
[265/1900] OK
  JSON parse failed (attempt 1), retrying...
  JSON parse failed (attempt 2), retrying...
  All attempts failed — storing raw output.
[266/1900] FAIL
  JSON parse failed (attempt 1), retrying...
  JSON parse failed (attempt 2), retrying...
  All attempts failed — storing raw output.
[267/1900] FAIL
  JSON parse failed (attempt 1), retrying...
  JSON parse failed (attempt 2), retrying...
  All attempts failed — storing raw output.
[268/1900] FAIL
  JSON parse failed (attempt 1), retrying...
  JSON parse failed (attempt 2), retrying...
  All attempts failed — storing raw output.
[269/1900] FAIL
  JSON parse failed (attempt 1), retrying...
[270/1900] OK
  JSON parse failed (attempt 1), retrying...
  JSON parse failed (attempt 2), retrying...
  All attempts failed — storing raw output.
[271/1900] FAIL
[272/1900] OK
[273/1900] OK
  JSON parse failed (attempt 1), retrying...
  JSON parse failed (attempt 2), retrying...
  All attempts failed — storing raw output.
[274/1900] FAIL
  JSON parse failed (attempt 1), retrying...
  JSON parse failed (attempt 2), retrying...
  All attempts failed — storing raw output.
[275/1900] FAIL
  JSON parse failed (attempt 1), retrying...
[276/1900] OK
  JSON parse failed (attempt 1), retrying...
[277/1900] OK
  JSON parse failed (attempt 1), retrying...
  JSON parse failed (attempt 2), retrying...
  All attempts failed — storing raw output.
[278/1900] FAIL
  JSON parse failed (attempt 1), retrying...
  JSON parse failed (attempt 2), retrying...
[279/1900] OK
[280/1900] OK
[281/1900] OK
  JSON parse failed (attempt 1), retrying...
  JSON parse failed (attempt 2), retrying...
[282/1900] OK
  JSON parse failed (attempt 1), retrying...
[283/1900] OK
[284/1900] OK
  JSON parse failed (attempt 1), retrying...
  JSON parse failed (attempt 2), retrying...
  All attempts failed — storing raw output.
[285/1900] FAIL
[286/1900] OK
  JSON parse failed (attempt 1), retrying...
  JSON parse failed (attempt 2), retrying...
  All attempts failed — storing raw output.
[287/1900] FAIL
  JSON parse failed (attempt 1), retrying...
  JSON parse failed (attempt 2), retrying...
  All attempts failed — storing raw output.
[288/1900] FAIL
  JSON parse failed (attempt 1), retrying...
  JSON parse failed (attempt 2), retrying...
  All attempts failed — storing raw output.
[289/1900] FAIL
  JSON parse failed (attempt 1), retrying...
  JSON parse failed (attempt 2), retrying...
  All attempts failed — storing raw output.
[290/1900] FAIL
[291/1900] OK
  JSON parse failed (attempt 1), retrying...
  JSON parse failed (attempt 2), retrying...
  All attempts failed — storing raw output.
[292/1900] FAIL
  JSON parse failed (attempt 1), retrying...
  JSON parse failed (attempt 2), retrying...
  All attempts failed — storing raw output.
[293/1900] FAIL
  JSON parse failed (attempt 1), retrying...
  JSON parse failed (attempt 2), retrying...
[294/1900] OK
  JSON parse failed (attempt 1), retrying...
  JSON parse failed (attempt 2), retrying...
  All attempts failed — storing raw output.
[295/1900] FAIL
  JSON parse failed (attempt 1), retrying...
  JSON parse failed (attempt 2), retrying...
  All attempts failed — storing raw output.
[296/1900] FAIL
  JSON parse failed (attempt 1), retrying...
  JSON parse failed (attempt 2), retrying...
  All attempts failed — storing raw output.
[297/1900] FAIL
  JSON parse failed (attempt 1), retrying...
  JSON parse failed (attempt 2), retrying...
  All attempts failed — storing raw output.
[298/1900] FAIL
[299/1900] OK
[300/1900] OK
  JSON parse failed (attempt 1), retrying...
[301/1900] OK
[302/1900] OK
[303/1900] OK
  JSON parse failed (attempt 1), retrying...
  JSON parse failed (attempt 2), retrying...
  All attempts failed — storing raw output.
[304/1900] FAIL
  JSON parse failed (attempt 1), retrying...
  JSON parse failed (attempt 2), retrying...
[305/1900] OK
  JSON parse failed (attempt 1), retrying...
  JSON parse failed (attempt 2), retrying...
  All attempts failed — storing raw output.
[306/1900] FAIL
  JSON parse failed (attempt 1), retrying...
[307/1900] OK
  JSON parse failed (attempt 1), retrying...
  JSON parse failed (attempt 2), retrying...
  All attempts failed — storing raw output.
[308/1900] FAIL
  JSON parse failed (attempt 1), retrying...
  JSON parse failed (attempt 2), retrying...
  All attempts failed — storing raw output.
[309/1900] FAIL
  JSON parse failed (attempt 1), retrying...
  JSON parse failed (attempt 2), retrying...
  All attempts failed — storing raw output.
[310/1900] FAIL
  JSON parse failed (attempt 1), retrying...
  JSON parse failed (attempt 2), retrying...
  All attempts failed — storing raw output.
[311/1900] FAIL
  JSON parse failed (attempt 1), retrying...
  JSON parse failed (attempt 2), retrying...
  All attempts failed — storing raw output.
[312/1900] FAIL
  JSON parse failed (attempt 1), retrying...
[313/1900] OK
  JSON parse failed (attempt 1), retrying...
  JSON parse failed (attempt 2), retrying...
  All attempts failed — storing raw output.
[314/1900] FAIL
  JSON parse failed (attempt 1), retrying...
  JSON parse failed (attempt 2), retrying...
  All attempts failed — storing raw output.
[315/1900] FAIL
  JSON parse failed (attempt 1), retrying...
[316/1900] OK
  JSON parse failed (attempt 1), retrying...
  JSON parse failed (attempt 2), retrying...
[317/1900] OK
  JSON parse failed (attempt 1), retrying...
  JSON parse failed (attempt 2), retrying...
  All attempts failed — storing raw output.
[318/1900] FAIL
  JSON parse failed (attempt 1), retrying...
  JSON parse failed (attempt 2), retrying...
[319/1900] OK
  JSON parse failed (attempt 1), retrying...
  JSON parse failed (attempt 2), retrying...
  All attempts failed — storing raw output.
[320/1900] FAIL
  JSON parse failed (attempt 1), retrying...
  JSON parse failed (attempt 2), retrying...
[321/1900] OK
  JSON parse failed (attempt 1), retrying...
  JSON parse failed (attempt 2), retrying...
  All attempts failed — storing raw output.
[322/1900] FAIL
  JSON parse failed (attempt 1), retrying...
  JSON parse failed (attempt 2), retrying...
  All attempts failed — storing raw output.
[323/1900] FAIL
[324/1900] OK
  JSON parse failed (attempt 1), retrying...
  JSON parse failed (attempt 2), retrying...
  All attempts failed — storing raw output.
[325/1900] FAIL
  JSON parse failed (attempt 1), retrying...
  JSON parse failed (attempt 2), retrying...
  All attempts failed — storing raw output.
[326/1900] FAIL
  JSON parse failed (attempt 1), retrying...
  JSON parse failed (attempt 2), retrying...
[327/1900] OK
  JSON parse failed (attempt 1), retrying...
[328/1900] OK
  JSON parse failed (attempt 1), retrying...
  JSON parse failed (attempt 2), retrying...
  All attempts failed — storing raw output.
[329/1900] FAIL
  JSON parse failed (attempt 1), retrying...
  JSON parse failed (attempt 2), retrying...
  All attempts failed — storing raw output.
[330/1900] FAIL
[331/1900] OK
  JSON parse failed (attempt 1), retrying...
  JSON parse failed (attempt 2), retrying...
  All attempts failed — storing raw output.
[332/1900] FAIL
  JSON parse failed (attempt 1), retrying...
  JSON parse failed (attempt 2), retrying...
[333/1900] OK
  JSON parse failed (attempt 1), retrying...
  JSON parse failed (attempt 2), retrying...
  All attempts failed — storing raw output.
[334/1900] FAIL
  JSON parse failed (attempt 1), retrying...
  JSON parse failed (attempt 2), retrying...
  All attempts failed — storing raw output.
[335/1900] FAIL
[336/1900] OK
  JSON parse failed (attempt 1), retrying...
  JSON parse failed (attempt 2), retrying...
  All attempts failed — storing raw output.
[337/1900] FAIL
  JSON parse failed (attempt 1), retrying...
  JSON parse failed (attempt 2), retrying...
[338/1900] OK
  JSON parse failed (attempt 1), retrying...
  JSON parse failed (attempt 2), retrying...
  All attempts failed — storing raw output.
[339/1900] FAIL
  JSON parse failed (attempt 1), retrying...
  JSON parse failed (attempt 2), retrying...
  All attempts failed — storing raw output.
[340/1900] FAIL
[341/1900] OK
[342/1900] OK
  JSON parse failed (attempt 1), retrying...
  JSON parse failed (attempt 2), retrying...
  All attempts failed — storing raw output.
[343/1900] FAIL
  JSON parse failed (attempt 1), retrying...
  JSON parse failed (attempt 2), retrying...
  All attempts failed — storing raw output.
[344/1900] FAIL
[345/1900] OK
  JSON parse failed (attempt 1), retrying...
  JSON parse failed (attempt 2), retrying...
  All attempts failed — storing raw output.
[346/1900] FAIL
  JSON parse failed (attempt 1), retrying...
  JSON parse failed (attempt 2), retrying...
  All attempts failed — storing raw output.
[347/1900] FAIL
  JSON parse failed (attempt 1), retrying...
[348/1900] OK
  JSON parse failed (attempt 1), retrying...
  JSON parse failed (attempt 2), retrying...
  All attempts failed — storing raw output.
[349/1900] FAIL
  JSON parse failed (attempt 1), retrying...
  JSON parse failed (attempt 2), retrying...
  All attempts failed — storing raw output.
[350/1900] FAIL
[351/1900] OK
[352/1900] OK
  JSON parse failed (attempt 1), retrying...
  JSON parse failed (attempt 2), retrying...
  All attempts failed — storing raw output.
[353/1900] FAIL
  JSON parse failed (attempt 1), retrying...
  JSON parse failed (attempt 2), retrying...
  All attempts failed — storing raw output.
[354/1900] FAIL
[355/1900] OK
  JSON parse failed (attempt 1), retrying...
  JSON parse failed (attempt 2), retrying...
  All attempts failed — storing raw output.
[356/1900] FAIL
  JSON parse failed (attempt 1), retrying...
  JSON parse failed (attempt 2), retrying...
  All attempts failed — storing raw output.
[357/1900] FAIL
[358/1900] OK
[359/1900] OK
  JSON parse failed (attempt 1), retrying...
  JSON parse failed (attempt 2), retrying...
  All attempts failed — storing raw output.
[360/1900] FAIL
  JSON parse failed (attempt 1), retrying...
  JSON parse failed (attempt 2), retrying...
[361/1900] OK
  JSON parse failed (attempt 1), retrying...
  JSON parse failed (attempt 2), retrying...
  All attempts failed — storing raw output.
[362/1900] FAIL
  JSON parse failed (attempt 1), retrying...
  JSON parse failed (attempt 2), retrying...
  All attempts failed — storing raw output.
[363/1900] FAIL
  JSON parse failed (attempt 1), retrying...
  JSON parse failed (attempt 2), retrying...
  All attempts failed — storing raw output.
[364/1900] FAIL
  JSON parse failed (attempt 1), retrying...
  JSON parse failed (attempt 2), retrying...
  All attempts failed — storing raw output.
[365/1900] FAIL
  JSON parse failed (attempt 1), retrying...
  JSON parse failed (attempt 2), retrying...
  All attempts failed — storing raw output.
[366/1900] FAIL
  JSON parse failed (attempt 1), retrying...
[367/1900] OK
  JSON parse failed (attempt 1), retrying...
  JSON parse failed (attempt 2), retrying...
  All attempts failed — storing raw output.
[368/1900] FAIL
  JSON parse failed (attempt 1), retrying...
[369/1900] OK
  JSON parse failed (attempt 1), retrying...
  JSON parse failed (attempt 2), retrying...
  All attempts failed — storing raw output.
[370/1900] FAIL
  JSON parse failed (attempt 1), retrying...
  JSON parse failed (attempt 2), retrying...
  All attempts failed — storing raw output.
[371/1900] FAIL
  JSON parse failed (attempt 1), retrying...
  JSON parse failed (attempt 2), retrying...
  All attempts failed — storing raw output.
[372/1900] FAIL
  JSON parse failed (attempt 1), retrying...
  JSON parse failed (attempt 2), retrying...
[373/1900] OK
  JSON parse failed (attempt 1), retrying...
  JSON parse failed (attempt 2), retrying...
  All attempts failed — storing raw output.
[374/1900] FAIL
  JSON parse failed (attempt 1), retrying...
  JSON parse failed (attempt 2), retrying...
[375/1900] OK
  JSON parse failed (attempt 1), retrying...
  JSON parse failed (attempt 2), retrying...
[376/1900] OK
[377/1900] OK
  JSON parse failed (attempt 1), retrying...
  JSON parse failed (attempt 2), retrying...
  All attempts failed — storing raw output.
[378/1900] FAIL
  JSON parse failed (attempt 1), retrying...
  JSON parse failed (attempt 2), retrying...
  All attempts failed — storing raw output.
[379/1900] FAIL
  JSON parse failed (attempt 1), retrying...
  JSON parse failed (attempt 2), retrying...
  All attempts failed — storing raw output.
[380/1900] FAIL
  JSON parse failed (attempt 1), retrying...
  JSON parse failed (attempt 2), retrying...
  All attempts failed — storing raw output.
[381/1900] FAIL
  JSON parse failed (attempt 1), retrying...
  JSON parse failed (attempt 2), retrying...
  All attempts failed — storing raw output.
[382/1900] FAIL
  JSON parse failed (attempt 1), retrying...
  JSON parse failed (attempt 2), retrying...
  All attempts failed — storing raw output.
[383/1900] FAIL
  JSON parse failed (attempt 1), retrying...
  JSON parse failed (attempt 2), retrying...
  All attempts failed — storing raw output.
[384/1900] FAIL
  JSON parse failed (attempt 1), retrying...
  JSON parse failed (attempt 2), retrying...
  All attempts failed — storing raw output.
[385/1900] FAIL
  JSON parse failed (attempt 1), retrying...
  JSON parse failed (attempt 2), retrying...
  All attempts failed — storing raw output.
[386/1900] FAIL
  JSON parse failed (attempt 1), retrying...
  JSON parse failed (attempt 2), retrying...
[387/1900] OK
  JSON parse failed (attempt 1), retrying...
  JSON parse failed (attempt 2), retrying...
  All attempts failed — storing raw output.
[388/1900] FAIL
  JSON parse failed (attempt 1), retrying...
  JSON parse failed (attempt 2), retrying...
  All attempts failed — storing raw output.
[389/1900] FAIL
  JSON parse failed (attempt 1), retrying...
  JSON parse failed (attempt 2), retrying...
[390/1900] OK
  JSON parse failed (attempt 1), retrying...
  JSON parse failed (attempt 2), retrying...
  All attempts failed — storing raw output.
[391/1900] FAIL
  JSON parse failed (attempt 1), retrying...
  JSON parse failed (attempt 2), retrying...
  All attempts failed — storing raw output.
[392/1900] FAIL
  JSON parse failed (attempt 1), retrying...
  JSON parse failed (attempt 2), retrying...
  All attempts failed — storing raw output.
[393/1900] FAIL
  JSON parse failed (attempt 1), retrying...
  JSON parse failed (attempt 2), retrying...
  All attempts failed — storing raw output.
[394/1900] FAIL
  JSON parse failed (attempt 1), retrying...
  JSON parse failed (attempt 2), retrying...
  All attempts failed — storing raw output.
[395/1900] FAIL
  JSON parse failed (attempt 1), retrying...
[396/1900] OK
  JSON parse failed (attempt 1), retrying...
[397/1900] OK
  JSON parse failed (attempt 1), retrying...
  JSON parse failed (attempt 2), retrying...
[398/1900] OK
  JSON parse failed (attempt 1), retrying...
[399/1900] OK
[400/1900] OK
  JSON parse failed (attempt 1), retrying...
  JSON parse failed (attempt 2), retrying...
  All attempts failed — storing raw output.
[401/1900] FAIL
  JSON parse failed (attempt 1), retrying...
  JSON parse failed (attempt 2), retrying...
  All attempts failed — storing raw output.
[402/1900] FAIL
  JSON parse failed (attempt 1), retrying...
  JSON parse failed (attempt 2), retrying...
  All attempts failed — storing raw output.
[403/1900] FAIL
[404/1900] OK
  JSON parse failed (attempt 1), retrying...
  JSON parse failed (attempt 2), retrying...
  All attempts failed — storing raw output.
[405/1900] FAIL
  JSON parse failed (attempt 1), retrying...
[406/1900] OK
[407/1900] OK
  JSON parse failed (attempt 1), retrying...
  JSON parse failed (attempt 2), retrying...
  All attempts failed — storing raw output.
[408/1900] FAIL
  JSON parse failed (attempt 1), retrying...
  JSON parse failed (attempt 2), retrying...
  All attempts failed — storing raw output.
[409/1900] FAIL
  JSON parse failed (attempt 1), retrying...
[410/1900] OK
  JSON parse failed (attempt 1), retrying...
  JSON parse failed (attempt 2), retrying...
  All attempts failed — storing raw output.
[411/1900] FAIL
  JSON parse failed (attempt 1), retrying...
[412/1900] OK
  JSON parse failed (attempt 1), retrying...
  JSON parse failed (attempt 2), retrying...
[413/1900] OK
  JSON parse failed (attempt 1), retrying...
  JSON parse failed (attempt 2), retrying...
  All attempts failed — storing raw output.
[414/1900] FAIL
  JSON parse failed (attempt 1), retrying...
  JSON parse failed (attempt 2), retrying...
  All attempts failed — storing raw output.
[415/1900] FAIL
  JSON parse failed (attempt 1), retrying...
  JSON parse failed (attempt 2), retrying...
  All attempts failed — storing raw output.
[416/1900] FAIL
  JSON parse failed (attempt 1), retrying...
  JSON parse failed (attempt 2), retrying...
[417/1900] OK
  JSON parse failed (attempt 1), retrying...
  JSON parse failed (attempt 2), retrying...
  All attempts failed — storing raw output.
[418/1900] FAIL
  JSON parse failed (attempt 1), retrying...
  JSON parse failed (attempt 2), retrying...
  All attempts failed — storing raw output.
[419/1900] FAIL
  JSON parse failed (attempt 1), retrying...
  JSON parse failed (attempt 2), retrying...
  All attempts failed — storing raw output.
[420/1900] FAIL
  JSON parse failed (attempt 1), retrying...
  JSON parse failed (attempt 2), retrying...
[421/1900] OK
[422/1900] OK
  JSON parse failed (attempt 1), retrying...
  JSON parse failed (attempt 2), retrying...
  All attempts failed — storing raw output.
[423/1900] FAIL
  JSON parse failed (attempt 1), retrying...
  JSON parse failed (attempt 2), retrying...
  All attempts failed — storing raw output.
[424/1900] FAIL
  JSON parse failed (attempt 1), retrying...
  JSON parse failed (attempt 2), retrying...
  All attempts failed — storing raw output.
[425/1900] FAIL
[426/1900] OK
  JSON parse failed (attempt 1), retrying...
  JSON parse failed (attempt 2), retrying...
  All attempts failed — storing raw output.
[427/1900] FAIL
  JSON parse failed (attempt 1), retrying...
  JSON parse failed (attempt 2), retrying...
[428/1900] OK
  JSON parse failed (attempt 1), retrying...
  JSON parse failed (attempt 2), retrying...
  All attempts failed — storing raw output.
[429/1900] FAIL
  JSON parse failed (attempt 1), retrying...
  JSON parse failed (attempt 2), retrying...
  All attempts failed — storing raw output.
[430/1900] FAIL
  JSON parse failed (attempt 1), retrying...
  JSON parse failed (attempt 2), retrying...
[431/1900] OK
  JSON parse failed (attempt 1), retrying...
  JSON parse failed (attempt 2), retrying...
  All attempts failed — storing raw output.
[432/1900] FAIL
  JSON parse failed (attempt 1), retrying...
  JSON parse failed (attempt 2), retrying...
  All attempts failed — storing raw output.
[433/1900] FAIL
  JSON parse failed (attempt 1), retrying...
  JSON parse failed (attempt 2), retrying...
  All attempts failed — storing raw output.
[434/1900] FAIL
  JSON parse failed (attempt 1), retrying...
[435/1900] OK
  JSON parse failed (attempt 1), retrying...
  JSON parse failed (attempt 2), retrying...
[436/1900] OK
  JSON parse failed (attempt 1), retrying...
  JSON parse failed (attempt 2), retrying...
[437/1900] OK
  JSON parse failed (attempt 1), retrying...
  JSON parse failed (attempt 2), retrying...
  All attempts failed — storing raw output.
[438/1900] FAIL
  JSON parse failed (attempt 1), retrying...
  JSON parse failed (attempt 2), retrying...
  All attempts failed — storing raw output.
[439/1900] FAIL
  JSON parse failed (attempt 1), retrying...
  JSON parse failed (attempt 2), retrying...
  All attempts failed — storing raw output.
[440/1900] FAIL
  JSON parse failed (attempt 1), retrying...
  JSON parse failed (attempt 2), retrying...
  All attempts failed — storing raw output.
[441/1900] FAIL
  JSON parse failed (attempt 1), retrying...
[442/1900] OK
  JSON parse failed (attempt 1), retrying...
  JSON parse failed (attempt 2), retrying...
[443/1900] OK
  JSON parse failed (attempt 1), retrying...
  JSON parse failed (attempt 2), retrying...
[444/1900] OK
  JSON parse failed (attempt 1), retrying...
  JSON parse failed (attempt 2), retrying...
  All attempts failed — storing raw output.
[445/1900] FAIL
[446/1900] OK
  JSON parse failed (attempt 1), retrying...
[447/1900] OK
  JSON parse failed (attempt 1), retrying...
  JSON parse failed (attempt 2), retrying...
  All attempts failed — storing raw output.
[448/1900] FAIL
  JSON parse failed (attempt 1), retrying...
  JSON parse failed (attempt 2), retrying...
  All attempts failed — storing raw output.
[449/1900] FAIL
  JSON parse failed (attempt 1), retrying...
  JSON parse failed (attempt 2), retrying...
[450/1900] OK
  JSON parse failed (attempt 1), retrying...
  JSON parse failed (attempt 2), retrying...
  All attempts failed — storing raw output.
[451/1900] FAIL
  JSON parse failed (attempt 1), retrying...
  JSON parse failed (attempt 2), retrying...
  All attempts failed — storing raw output.
[452/1900] FAIL
  JSON parse failed (attempt 1), retrying...
  JSON parse failed (attempt 2), retrying...
  All attempts failed — storing raw output.
[453/1900] FAIL
  JSON parse failed (attempt 1), retrying...
  JSON parse failed (attempt 2), retrying...
[454/1900] OK
  JSON parse failed (attempt 1), retrying...
  JSON parse failed (attempt 2), retrying...
  All attempts failed — storing raw output.
[455/1900] FAIL
  JSON parse failed (attempt 1), retrying...
  JSON parse failed (attempt 2), retrying...
  All attempts failed — storing raw output.
[456/1900] FAIL
  JSON parse failed (attempt 1), retrying...
  JSON parse failed (attempt 2), retrying...
  All attempts failed — storing raw output.
[457/1900] FAIL
  JSON parse failed (attempt 1), retrying...
  JSON parse failed (attempt 2), retrying...
  All attempts failed — storing raw output.
[458/1900] FAIL
  JSON parse failed (attempt 1), retrying...
  JSON parse failed (attempt 2), retrying...
  All attempts failed — storing raw output.
[459/1900] FAIL
  JSON parse failed (attempt 1), retrying...
  JSON parse failed (attempt 2), retrying...
[460/1900] OK
  JSON parse failed (attempt 1), retrying...
  JSON parse failed (attempt 2), retrying...
  All attempts failed — storing raw output.
[461/1900] FAIL
  JSON parse failed (attempt 1), retrying...
  JSON parse failed (attempt 2), retrying...
  All attempts failed — storing raw output.
[462/1900] FAIL
  JSON parse failed (attempt 1), retrying...
  JSON parse failed (attempt 2), retrying...
  All attempts failed — storing raw output.
[463/1900] FAIL
  JSON parse failed (attempt 1), retrying...
[464/1900] OK
  JSON parse failed (attempt 1), retrying...
  JSON parse failed (attempt 2), retrying...
  All attempts failed — storing raw output.
[465/1900] FAIL
  JSON parse failed (attempt 1), retrying...
  JSON parse failed (attempt 2), retrying...
  All attempts failed — storing raw output.
[466/1900] FAIL
  JSON parse failed (attempt 1), retrying...
  JSON parse failed (attempt 2), retrying...
  All attempts failed — storing raw output.
[467/1900] FAIL
  JSON parse failed (attempt 1), retrying...
  JSON parse failed (attempt 2), retrying...
  All attempts failed — storing raw output.
[468/1900] FAIL
  JSON parse failed (attempt 1), retrying...
  JSON parse failed (attempt 2), retrying...
  All attempts failed — storing raw output.
[469/1900] FAIL
  JSON parse failed (attempt 1), retrying...
  JSON parse failed (attempt 2), retrying...
  All attempts failed — storing raw output.
[470/1900] FAIL
  JSON parse failed (attempt 1), retrying...
  JSON parse failed (attempt 2), retrying...
  All attempts failed — storing raw output.
[471/1900] FAIL
  JSON parse failed (attempt 1), retrying...
  JSON parse failed (attempt 2), retrying...
  All attempts failed — storing raw output.
[472/1900] FAIL
  JSON parse failed (attempt 1), retrying...
  JSON parse failed (attempt 2), retrying...
[473/1900] OK
  JSON parse failed (attempt 1), retrying...
  JSON parse failed (attempt 2), retrying...
  All attempts failed — storing raw output.
[474/1900] FAIL
  JSON parse failed (attempt 1), retrying...
  JSON parse failed (attempt 2), retrying...
[475/1900] OK
  JSON parse failed (attempt 1), retrying...
  JSON parse failed (attempt 2), retrying...
  All attempts failed — storing raw output.
[476/1900] FAIL
  JSON parse failed (attempt 1), retrying...
  JSON parse failed (attempt 2), retrying...
  All attempts failed — storing raw output.
[477/1900] FAIL
  JSON parse failed (attempt 1), retrying...
  JSON parse failed (attempt 2), retrying...
  All attempts failed — storing raw output.
[478/1900] FAIL
  JSON parse failed (attempt 1), retrying...
  JSON parse failed (attempt 2), retrying...
  All attempts failed — storing raw output.
[479/1900] FAIL
  JSON parse failed (attempt 1), retrying...
  JSON parse failed (attempt 2), retrying...
  All attempts failed — storing raw output.
[480/1900] FAIL
[481/1900] OK
[482/1900] OK
[483/1900] OK
  JSON parse failed (attempt 1), retrying...
  JSON parse failed (attempt 2), retrying...
  All attempts failed — storing raw output.
[484/1900] FAIL
  JSON parse failed (attempt 1), retrying...
  JSON parse failed (attempt 2), retrying...
  All attempts failed — storing raw output.
[485/1900] FAIL
  JSON parse failed (attempt 1), retrying...
  JSON parse failed (attempt 2), retrying...
  All attempts failed — storing raw output.
[486/1900] FAIL
  JSON parse failed (attempt 1), retrying...
  JSON parse failed (attempt 2), retrying...
  All attempts failed — storing raw output.
[487/1900] FAIL
  JSON parse failed (attempt 1), retrying...
  JSON parse failed (attempt 2), retrying...
  All attempts failed — storing raw output.
[488/1900] FAIL
  JSON parse failed (attempt 1), retrying...
  JSON parse failed (attempt 2), retrying...
  All attempts failed — storing raw output.
[489/1900] FAIL
  JSON parse failed (attempt 1), retrying...
  JSON parse failed (attempt 2), retrying...
  All attempts failed — storing raw output.
[490/1900] FAIL
  JSON parse failed (attempt 1), retrying...
  JSON parse failed (attempt 2), retrying...
  All attempts failed — storing raw output.
[491/1900] FAIL
  JSON parse failed (attempt 1), retrying...
  JSON parse failed (attempt 2), retrying...
  All attempts failed — storing raw output.
[492/1900] FAIL
  JSON parse failed (attempt 1), retrying...
[493/1900] OK
[494/1900] OK
  JSON parse failed (attempt 1), retrying...
  JSON parse failed (attempt 2), retrying...
  All attempts failed — storing raw output.
[495/1900] FAIL
  JSON parse failed (attempt 1), retrying...
  JSON parse failed (attempt 2), retrying...
[496/1900] OK
  JSON parse failed (attempt 1), retrying...
  JSON parse failed (attempt 2), retrying...
  All attempts failed — storing raw output.
[497/1900] FAIL
  JSON parse failed (attempt 1), retrying...
  JSON parse failed (attempt 2), retrying...
  All attempts failed — storing raw output.
[498/1900] FAIL
  JSON parse failed (attempt 1), retrying...
  JSON parse failed (attempt 2), retrying...
[499/1900] OK
  JSON parse failed (attempt 1), retrying...
  JSON parse failed (attempt 2), retrying...
  All attempts failed — storing raw output.
[500/1900] FAIL
  JSON parse failed (attempt 1), retrying...
  JSON parse failed (attempt 2), retrying...
  All attempts failed — storing raw output.
[501/1900] FAIL
  JSON parse failed (attempt 1), retrying...
  JSON parse failed (attempt 2), retrying...
  All attempts failed — storing raw output.
[502/1900] FAIL
  JSON parse failed (attempt 1), retrying...
  JSON parse failed (attempt 2), retrying...
  All attempts failed — storing raw output.
[503/1900] FAIL
[504/1900] OK
  JSON parse failed (attempt 1), retrying...
  JSON parse failed (attempt 2), retrying...
  All attempts failed — storing raw output.
[505/1900] FAIL
[506/1900] OK
  JSON parse failed (attempt 1), retrying...
  JSON parse failed (attempt 2), retrying...
  All attempts failed — storing raw output.
[507/1900] FAIL
  JSON parse failed (attempt 1), retrying...
  JSON parse failed (attempt 2), retrying...
  All attempts failed — storing raw output.
[508/1900] FAIL
[509/1900] OK
  JSON parse failed (attempt 1), retrying...
  JSON parse failed (attempt 2), retrying...
[510/1900] OK
  JSON parse failed (attempt 1), retrying...
  JSON parse failed (attempt 2), retrying...
  All attempts failed — storing raw output.
[511/1900] FAIL
[512/1900] OK
  JSON parse failed (attempt 1), retrying...
  JSON parse failed (attempt 2), retrying...
  All attempts failed — storing raw output.
[513/1900] FAIL
  JSON parse failed (attempt 1), retrying...
[514/1900] OK
  JSON parse failed (attempt 1), retrying...
  JSON parse failed (attempt 2), retrying...
  All attempts failed — storing raw output.
[515/1900] FAIL
[516/1900] OK
  JSON parse failed (attempt 1), retrying...
  JSON parse failed (attempt 2), retrying...
[517/1900] OK
  JSON parse failed (attempt 1), retrying...
  JSON parse failed (attempt 2), retrying...
  All attempts failed — storing raw output.
[518/1900] FAIL
[519/1900] OK
  JSON parse failed (attempt 1), retrying...
  JSON parse failed (attempt 2), retrying...
  All attempts failed — storing raw output.
[520/1900] FAIL
  JSON parse failed (attempt 1), retrying...
  JSON parse failed (attempt 2), retrying...
[521/1900] OK
  JSON parse failed (attempt 1), retrying...
[522/1900] OK
[523/1900] OK
  JSON parse failed (attempt 1), retrying...
  JSON parse failed (attempt 2), retrying...
  All attempts failed — storing raw output.
[524/1900] FAIL
  JSON parse failed (attempt 1), retrying...
  JSON parse failed (attempt 2), retrying...
  All attempts failed — storing raw output.
[525/1900] FAIL
  JSON parse failed (attempt 1), retrying...
  JSON parse failed (attempt 2), retrying...
  All attempts failed — storing raw output.
[526/1900] FAIL
  JSON parse failed (attempt 1), retrying...
  JSON parse failed (attempt 2), retrying...
  All attempts failed — storing raw output.
[527/1900] FAIL
  JSON parse failed (attempt 1), retrying...
  JSON parse failed (attempt 2), retrying...
  All attempts failed — storing raw output.
[528/1900] FAIL
  JSON parse failed (attempt 1), retrying...
  JSON parse failed (attempt 2), retrying...
  All attempts failed — storing raw output.
[529/1900] FAIL
[530/1900] OK
  JSON parse failed (attempt 1), retrying...
[531/1900] OK
[532/1900] OK
[533/1900] OK
  JSON parse failed (attempt 1), retrying...
  JSON parse failed (attempt 2), retrying...
  All attempts failed — storing raw output.
[534/1900] FAIL
  JSON parse failed (attempt 1), retrying...
  JSON parse failed (attempt 2), retrying...
  All attempts failed — storing raw output.
[535/1900] FAIL
  JSON parse failed (attempt 1), retrying...
[536/1900] OK
[537/1900] OK
[538/1900] OK
[539/1900] OK
  JSON parse failed (attempt 1), retrying...
  JSON parse failed (attempt 2), retrying...
  All attempts failed — storing raw output.
[540/1900] FAIL
[541/1900] OK
[542/1900] OK
  JSON parse failed (attempt 1), retrying...
  JSON parse failed (attempt 2), retrying...
[543/1900] OK
  JSON parse failed (attempt 1), retrying...
  JSON parse failed (attempt 2), retrying...
  All attempts failed — storing raw output.
[544/1900] FAIL
  JSON parse failed (attempt 1), retrying...
  JSON parse failed (attempt 2), retrying...
  All attempts failed — storing raw output.
[545/1900] FAIL
  JSON parse failed (attempt 1), retrying...
  JSON parse failed (attempt 2), retrying...
  All attempts failed — storing raw output.
[546/1900] FAIL
  JSON parse failed (attempt 1), retrying...
  JSON parse failed (attempt 2), retrying...
[547/1900] OK
  JSON parse failed (attempt 1), retrying...
  JSON parse failed (attempt 2), retrying...
  All attempts failed — storing raw output.
[548/1900] FAIL
  JSON parse failed (attempt 1), retrying...
  JSON parse failed (attempt 2), retrying...
  All attempts failed — storing raw output.
[549/1900] FAIL
  JSON parse failed (attempt 1), retrying...
  JSON parse failed (attempt 2), retrying...
  All attempts failed — storing raw output.
[550/1900] FAIL
  JSON parse failed (attempt 1), retrying...
  JSON parse failed (attempt 2), retrying...
  All attempts failed — storing raw output.
[551/1900] FAIL
  JSON parse failed (attempt 1), retrying...
  JSON parse failed (attempt 2), retrying...
  All attempts failed — storing raw output.
[552/1900] FAIL
  JSON parse failed (attempt 1), retrying...
  JSON parse failed (attempt 2), retrying...
[553/1900] OK
  JSON parse failed (attempt 1), retrying...
  JSON parse failed (attempt 2), retrying...
  All attempts failed — storing raw output.
[554/1900] FAIL
  JSON parse failed (attempt 1), retrying...
[555/1900] OK
  JSON parse failed (attempt 1), retrying...
  JSON parse failed (attempt 2), retrying...
[556/1900] OK
  JSON parse failed (attempt 1), retrying...
  JSON parse failed (attempt 2), retrying...
[557/1900] OK
  JSON parse failed (attempt 1), retrying...
  JSON parse failed (attempt 2), retrying...
  All attempts failed — storing raw output.
[558/1900] FAIL
  JSON parse failed (attempt 1), retrying...
  JSON parse failed (attempt 2), retrying...
  All attempts failed — storing raw output.
[559/1900] FAIL
  JSON parse failed (attempt 1), retrying...
  JSON parse failed (attempt 2), retrying...
  All attempts failed — storing raw output.
[560/1900] FAIL
  JSON parse failed (attempt 1), retrying...
  JSON parse failed (attempt 2), retrying...
  All attempts failed — storing raw output.
[561/1900] FAIL
  JSON parse failed (attempt 1), retrying...
[562/1900] OK
[563/1900] OK
  JSON parse failed (attempt 1), retrying...
  JSON parse failed (attempt 2), retrying...
  All attempts failed — storing raw output.
[564/1900] FAIL
  JSON parse failed (attempt 1), retrying...
  JSON parse failed (attempt 2), retrying...
  All attempts failed — storing raw output.
[565/1900] FAIL
  JSON parse failed (attempt 1), retrying...
  JSON parse failed (attempt 2), retrying...
  All attempts failed — storing raw output.
[566/1900] FAIL
  JSON parse failed (attempt 1), retrying...
[567/1900] OK
  JSON parse failed (attempt 1), retrying...
  JSON parse failed (attempt 2), retrying...
  All attempts failed — storing raw output.
[568/1900] FAIL
  JSON parse failed (attempt 1), retrying...
  JSON parse failed (attempt 2), retrying...
  All attempts failed — storing raw output.
[569/1900] FAIL
  JSON parse failed (attempt 1), retrying...
  JSON parse failed (attempt 2), retrying...
[570/1900] OK
  JSON parse failed (attempt 1), retrying...
  JSON parse failed (attempt 2), retrying...
  All attempts failed — storing raw output.
[571/1900] FAIL
  JSON parse failed (attempt 1), retrying...
  JSON parse failed (attempt 2), retrying...
  All attempts failed — storing raw output.
[572/1900] FAIL
  JSON parse failed (attempt 1), retrying...
  JSON parse failed (attempt 2), retrying...
  All attempts failed — storing raw output.
[573/1900] FAIL
  JSON parse failed (attempt 1), retrying...
  JSON parse failed (attempt 2), retrying...
  All attempts failed — storing raw output.
[574/1900] FAIL
  JSON parse failed (attempt 1), retrying...
[575/1900] OK
  JSON parse failed (attempt 1), retrying...
  JSON parse failed (attempt 2), retrying...
  All attempts failed — storing raw output.
[576/1900] FAIL
  JSON parse failed (attempt 1), retrying...
  JSON parse failed (attempt 2), retrying...
  All attempts failed — storing raw output.
[577/1900] FAIL
  JSON parse failed (attempt 1), retrying...
  JSON parse failed (attempt 2), retrying...
  All attempts failed — storing raw output.
[578/1900] FAIL
  JSON parse failed (attempt 1), retrying...
  JSON parse failed (attempt 2), retrying...
  All attempts failed — storing raw output.
[579/1900] FAIL
  JSON parse failed (attempt 1), retrying...
  JSON parse failed (attempt 2), retrying...
  All attempts failed — storing raw output.
[580/1900] FAIL
  JSON parse failed (attempt 1), retrying...
  JSON parse failed (attempt 2), retrying...
  All attempts failed — storing raw output.
[581/1900] FAIL
  JSON parse failed (attempt 1), retrying...
[582/1900] OK
  JSON parse failed (attempt 1), retrying...
  JSON parse failed (attempt 2), retrying...
  All attempts failed — storing raw output.
[583/1900] FAIL
  JSON parse failed (attempt 1), retrying...
  JSON parse failed (attempt 2), retrying...
  All attempts failed — storing raw output.
[584/1900] FAIL
  JSON parse failed (attempt 1), retrying...
[585/1900] OK
  JSON parse failed (attempt 1), retrying...
  JSON parse failed (attempt 2), retrying...
[586/1900] OK
  JSON parse failed (attempt 1), retrying...
  JSON parse failed (attempt 2), retrying...
  All attempts failed — storing raw output.
[587/1900] FAIL
  JSON parse failed (attempt 1), retrying...
  JSON parse failed (attempt 2), retrying...
  All attempts failed — storing raw output.
[588/1900] FAIL
  JSON parse failed (attempt 1), retrying...
  JSON parse failed (attempt 2), retrying...
  All attempts failed — storing raw output.
[589/1900] FAIL
  JSON parse failed (attempt 1), retrying...
[590/1900] OK
  JSON parse failed (attempt 1), retrying...
  JSON parse failed (attempt 2), retrying...
  All attempts failed — storing raw output.
[591/1900] FAIL
  JSON parse failed (attempt 1), retrying...
  JSON parse failed (attempt 2), retrying...
  All attempts failed — storing raw output.
[592/1900] FAIL
  JSON parse failed (attempt 1), retrying...
  JSON parse failed (attempt 2), retrying...
  All attempts failed — storing raw output.
[593/1900] FAIL
[594/1900] OK
  JSON parse failed (attempt 1), retrying...
  JSON parse failed (attempt 2), retrying...
  All attempts failed — storing raw output.
[595/1900] FAIL
  JSON parse failed (attempt 1), retrying...
[596/1900] OK
  JSON parse failed (attempt 1), retrying...
[597/1900] OK
  JSON parse failed (attempt 1), retrying...
[598/1900] OK
  JSON parse failed (attempt 1), retrying...
[599/1900] OK
  JSON parse failed (attempt 1), retrying...
  JSON parse failed (attempt 2), retrying...
  All attempts failed — storing raw output.
[600/1900] FAIL
  JSON parse failed (attempt 1), retrying...
  JSON parse failed (attempt 2), retrying...
  All attempts failed — storing raw output.
[601/1900] FAIL
  JSON parse failed (attempt 1), retrying...
  JSON parse failed (attempt 2), retrying...
  All attempts failed — storing raw output.
[602/1900] FAIL
  JSON parse failed (attempt 1), retrying...
  JSON parse failed (attempt 2), retrying...
  All attempts failed — storing raw output.
[603/1900] FAIL
  JSON parse failed (attempt 1), retrying...
  JSON parse failed (attempt 2), retrying...
  All attempts failed — storing raw output.
[604/1900] FAIL
  JSON parse failed (attempt 1), retrying...
  JSON parse failed (attempt 2), retrying...
  All attempts failed — storing raw output.
[605/1900] FAIL
  JSON parse failed (attempt 1), retrying...
  JSON parse failed (attempt 2), retrying...
[606/1900] OK
  JSON parse failed (attempt 1), retrying...
  JSON parse failed (attempt 2), retrying...
  All attempts failed — storing raw output.
[607/1900] FAIL
  JSON parse failed (attempt 1), retrying...
  JSON parse failed (attempt 2), retrying...
  All attempts failed — storing raw output.
[608/1900] FAIL
  JSON parse failed (attempt 1), retrying...
  JSON parse failed (attempt 2), retrying...
  All attempts failed — storing raw output.
[609/1900] FAIL
  JSON parse failed (attempt 1), retrying...
  JSON parse failed (attempt 2), retrying...
  All attempts failed — storing raw output.
[610/1900] FAIL
  JSON parse failed (attempt 1), retrying...
  JSON parse failed (attempt 2), retrying...
  All attempts failed — storing raw output.
[611/1900] FAIL
  JSON parse failed (attempt 1), retrying...
  JSON parse failed (attempt 2), retrying...
  All attempts failed — storing raw output.
[612/1900] FAIL
  JSON parse failed (attempt 1), retrying...
  JSON parse failed (attempt 2), retrying...
  All attempts failed — storing raw output.
[613/1900] FAIL
  JSON parse failed (attempt 1), retrying...
  JSON parse failed (attempt 2), retrying...
  All attempts failed — storing raw output.
[614/1900] FAIL
  JSON parse failed (attempt 1), retrying...
  JSON parse failed (attempt 2), retrying...
  All attempts failed — storing raw output.
[615/1900] FAIL
  JSON parse failed (attempt 1), retrying...
  JSON parse failed (attempt 2), retrying...
  All attempts failed — storing raw output.
[616/1900] FAIL
  JSON parse failed (attempt 1), retrying...
  JSON parse failed (attempt 2), retrying...
  All attempts failed — storing raw output.
[617/1900] FAIL
  JSON parse failed (attempt 1), retrying...
  JSON parse failed (attempt 2), retrying...
  All attempts failed — storing raw output.
[618/1900] FAIL
  JSON parse failed (attempt 1), retrying...
[619/1900] OK
[620/1900] OK
  JSON parse failed (attempt 1), retrying...
  JSON parse failed (attempt 2), retrying...
  All attempts failed — storing raw output.
[621/1900] FAIL
  JSON parse failed (attempt 1), retrying...
[622/1900] OK
  JSON parse failed (attempt 1), retrying...
  JSON parse failed (attempt 2), retrying...
[623/1900] OK
  JSON parse failed (attempt 1), retrying...
  JSON parse failed (attempt 2), retrying...
  All attempts failed — storing raw output.
[624/1900] FAIL
  JSON parse failed (attempt 1), retrying...
[625/1900] OK
  JSON parse failed (attempt 1), retrying...
[626/1900] OK
  JSON parse failed (attempt 1), retrying...
  JSON parse failed (attempt 2), retrying...
  All attempts failed — storing raw output.
[627/1900] FAIL
  JSON parse failed (attempt 1), retrying...
  JSON parse failed (attempt 2), retrying...
  All attempts failed — storing raw output.
[628/1900] FAIL
  JSON parse failed (attempt 1), retrying...
  JSON parse failed (attempt 2), retrying...
  All attempts failed — storing raw output.
[629/1900] FAIL
  JSON parse failed (attempt 1), retrying...
  JSON parse failed (attempt 2), retrying...
  All attempts failed — storing raw output.
[630/1900] FAIL
[631/1900] OK
  JSON parse failed (attempt 1), retrying...
  JSON parse failed (attempt 2), retrying...
  All attempts failed — storing raw output.
[632/1900] FAIL
  JSON parse failed (attempt 1), retrying...
  JSON parse failed (attempt 2), retrying...
[633/1900] OK
  JSON parse failed (attempt 1), retrying...
  JSON parse failed (attempt 2), retrying...
  All attempts failed — storing raw output.
[634/1900] FAIL
  JSON parse failed (attempt 1), retrying...
  JSON parse failed (attempt 2), retrying...
  All attempts failed — storing raw output.
[635/1900] FAIL
  JSON parse failed (attempt 1), retrying...
[636/1900] OK
  JSON parse failed (attempt 1), retrying...
  JSON parse failed (attempt 2), retrying...
  All attempts failed — storing raw output.
[637/1900] FAIL
[638/1900] OK
[639/1900] OK
  JSON parse failed (attempt 1), retrying...
[640/1900] OK
[641/1900] OK
[642/1900] OK
  JSON parse failed (attempt 1), retrying...
  JSON parse failed (attempt 2), retrying...
  All attempts failed — storing raw output.
[643/1900] FAIL
  JSON parse failed (attempt 1), retrying...
  JSON parse failed (attempt 2), retrying...
  All attempts failed — storing raw output.
[644/1900] FAIL
[645/1900] OK
[646/1900] OK
  JSON parse failed (attempt 1), retrying...
  JSON parse failed (attempt 2), retrying...
  All attempts failed — storing raw output.
[647/1900] FAIL
  JSON parse failed (attempt 1), retrying...
  JSON parse failed (attempt 2), retrying...
  All attempts failed — storing raw output.
[648/1900] FAIL
  JSON parse failed (attempt 1), retrying...
  JSON parse failed (attempt 2), retrying...
[649/1900] OK
  JSON parse failed (attempt 1), retrying...
  JSON parse failed (attempt 2), retrying...
  All attempts failed — storing raw output.
[650/1900] FAIL
  JSON parse failed (attempt 1), retrying...
  JSON parse failed (attempt 2), retrying...
  All attempts failed — storing raw output.
[651/1900] FAIL
  JSON parse failed (attempt 1), retrying...
[652/1900] OK
  JSON parse failed (attempt 1), retrying...
  JSON parse failed (attempt 2), retrying...
  All attempts failed — storing raw output.
[653/1900] FAIL
  JSON parse failed (attempt 1), retrying...
  JSON parse failed (attempt 2), retrying...
  All attempts failed — storing raw output.
[654/1900] FAIL
  JSON parse failed (attempt 1), retrying...
  JSON parse failed (attempt 2), retrying...
  All attempts failed — storing raw output.
[655/1900] FAIL
  JSON parse failed (attempt 1), retrying...
  JSON parse failed (attempt 2), retrying...
  All attempts failed — storing raw output.
[656/1900] FAIL
  JSON parse failed (attempt 1), retrying...
[657/1900] OK
  JSON parse failed (attempt 1), retrying...
  JSON parse failed (attempt 2), retrying...
  All attempts failed — storing raw output.
[658/1900] FAIL
  JSON parse failed (attempt 1), retrying...
[659/1900] OK
  JSON parse failed (attempt 1), retrying...
  JSON parse failed (attempt 2), retrying...
  All attempts failed — storing raw output.
[660/1900] FAIL
  JSON parse failed (attempt 1), retrying...
  JSON parse failed (attempt 2), retrying...
  All attempts failed — storing raw output.
[661/1900] FAIL
  JSON parse failed (attempt 1), retrying...
  JSON parse failed (attempt 2), retrying...
  All attempts failed — storing raw output.
[662/1900] FAIL
  JSON parse failed (attempt 1), retrying...
[663/1900] OK
  JSON parse failed (attempt 1), retrying...
  JSON parse failed (attempt 2), retrying...
  All attempts failed — storing raw output.
[664/1900] FAIL
  JSON parse failed (attempt 1), retrying...
  JSON parse failed (attempt 2), retrying...
[665/1900] OK
  JSON parse failed (attempt 1), retrying...
  JSON parse failed (attempt 2), retrying...
  All attempts failed — storing raw output.
[666/1900] FAIL
  JSON parse failed (attempt 1), retrying...
  JSON parse failed (attempt 2), retrying...
[667/1900] OK
  JSON parse failed (attempt 1), retrying...
  JSON parse failed (attempt 2), retrying...
[668/1900] OK
  JSON parse failed (attempt 1), retrying...
  JSON parse failed (attempt 2), retrying...
  All attempts failed — storing raw output.
[669/1900] FAIL
  JSON parse failed (attempt 1), retrying...
  JSON parse failed (attempt 2), retrying...
  All attempts failed — storing raw output.
[670/1900] FAIL
  JSON parse failed (attempt 1), retrying...
  JSON parse failed (attempt 2), retrying...
  All attempts failed — storing raw output.
[671/1900] FAIL
  JSON parse failed (attempt 1), retrying...
  JSON parse failed (attempt 2), retrying...
  All attempts failed — storing raw output.
[672/1900] FAIL
  JSON parse failed (attempt 1), retrying...
  JSON parse failed (attempt 2), retrying...
  All attempts failed — storing raw output.
[673/1900] FAIL
  JSON parse failed (attempt 1), retrying...
  JSON parse failed (attempt 2), retrying...
  All attempts failed — storing raw output.
[674/1900] FAIL
  JSON parse failed (attempt 1), retrying...
  JSON parse failed (attempt 2), retrying...
  All attempts failed — storing raw output.
[675/1900] FAIL
[676/1900] OK
  JSON parse failed (attempt 1), retrying...
  JSON parse failed (attempt 2), retrying...
  All attempts failed — storing raw output.
[677/1900] FAIL
  JSON parse failed (attempt 1), retrying...
  JSON parse failed (attempt 2), retrying...
  All attempts failed — storing raw output.
[678/1900] FAIL
  JSON parse failed (attempt 1), retrying...
  JSON parse failed (attempt 2), retrying...
  All attempts failed — storing raw output.
[679/1900] FAIL
  JSON parse failed (attempt 1), retrying...
[680/1900] OK
  JSON parse failed (attempt 1), retrying...
  JSON parse failed (attempt 2), retrying...
  All attempts failed — storing raw output.
[681/1900] FAIL
  JSON parse failed (attempt 1), retrying...
[682/1900] OK
  JSON parse failed (attempt 1), retrying...
  JSON parse failed (attempt 2), retrying...
  All attempts failed — storing raw output.
[683/1900] FAIL
  JSON parse failed (attempt 1), retrying...
  JSON parse failed (attempt 2), retrying...
  All attempts failed — storing raw output.
[684/1900] FAIL
  JSON parse failed (attempt 1), retrying...
[685/1900] OK
[686/1900] OK
  JSON parse failed (attempt 1), retrying...
  JSON parse failed (attempt 2), retrying...
  All attempts failed — storing raw output.
[687/1900] FAIL
  JSON parse failed (attempt 1), retrying...
  JSON parse failed (attempt 2), retrying...
  All attempts failed — storing raw output.
[688/1900] FAIL
  JSON parse failed (attempt 1), retrying...
  JSON parse failed (attempt 2), retrying...
  All attempts failed — storing raw output.
[689/1900] FAIL
  JSON parse failed (attempt 1), retrying...
  JSON parse failed (attempt 2), retrying...
  All attempts failed — storing raw output.
[690/1900] FAIL
  JSON parse failed (attempt 1), retrying...
  JSON parse failed (attempt 2), retrying...
  All attempts failed — storing raw output.
[691/1900] FAIL
  JSON parse failed (attempt 1), retrying...
  JSON parse failed (attempt 2), retrying...
  All attempts failed — storing raw output.
[692/1900] FAIL
  JSON parse failed (attempt 1), retrying...
  JSON parse failed (attempt 2), retrying...
  All attempts failed — storing raw output.
[693/1900] FAIL
  JSON parse failed (attempt 1), retrying...
[694/1900] OK
  JSON parse failed (attempt 1), retrying...
  JSON parse failed (attempt 2), retrying...
  All attempts failed — storing raw output.
[695/1900] FAIL
  JSON parse failed (attempt 1), retrying...
  JSON parse failed (attempt 2), retrying...
  All attempts failed — storing raw output.
[696/1900] FAIL
  JSON parse failed (attempt 1), retrying...
  JSON parse failed (attempt 2), retrying...
  All attempts failed — storing raw output.
[697/1900] FAIL
  JSON parse failed (attempt 1), retrying...
  JSON parse failed (attempt 2), retrying...
  All attempts failed — storing raw output.
[698/1900] FAIL
  JSON parse failed (attempt 1), retrying...
  JSON parse failed (attempt 2), retrying...
  All attempts failed — storing raw output.
[699/1900] FAIL
  JSON parse failed (attempt 1), retrying...
  JSON parse failed (attempt 2), retrying...
[700/1900] OK
  JSON parse failed (attempt 1), retrying...
  JSON parse failed (attempt 2), retrying...
[701/1900] OK
  JSON parse failed (attempt 1), retrying...
  JSON parse failed (attempt 2), retrying...
  All attempts failed — storing raw output.
[702/1900] FAIL
[703/1900] OK
  JSON parse failed (attempt 1), retrying...
  JSON parse failed (attempt 2), retrying...
  All attempts failed — storing raw output.
[704/1900] FAIL
  JSON parse failed (attempt 1), retrying...
  JSON parse failed (attempt 2), retrying...
  All attempts failed — storing raw output.
[705/1900] FAIL
  JSON parse failed (attempt 1), retrying...
  JSON parse failed (attempt 2), retrying...
  All attempts failed — storing raw output.
[706/1900] FAIL
[707/1900] OK
  JSON parse failed (attempt 1), retrying...
  JSON parse failed (attempt 2), retrying...
  All attempts failed — storing raw output.
[708/1900] FAIL
  JSON parse failed (attempt 1), retrying...
  JSON parse failed (attempt 2), retrying...
  All attempts failed — storing raw output.
[709/1900] FAIL
  JSON parse failed (attempt 1), retrying...
[710/1900] OK
  JSON parse failed (attempt 1), retrying...
  JSON parse failed (attempt 2), retrying...
  All attempts failed — storing raw output.
[711/1900] FAIL
  JSON parse failed (attempt 1), retrying...
  JSON parse failed (attempt 2), retrying...
  All attempts failed — storing raw output.
[712/1900] FAIL
[713/1900] OK
  JSON parse failed (attempt 1), retrying...
  JSON parse failed (attempt 2), retrying...
  All attempts failed — storing raw output.
[714/1900] FAIL
[715/1900] OK
  JSON parse failed (attempt 1), retrying...
  JSON parse failed (attempt 2), retrying...
[716/1900] OK
  JSON parse failed (attempt 1), retrying...
  JSON parse failed (attempt 2), retrying...
  All attempts failed — storing raw output.
[717/1900] FAIL
  JSON parse failed (attempt 1), retrying...
[718/1900] OK
  JSON parse failed (attempt 1), retrying...
  JSON parse failed (attempt 2), retrying...
  All attempts failed — storing raw output.
[719/1900] FAIL
  JSON parse failed (attempt 1), retrying...
  JSON parse failed (attempt 2), retrying...
  All attempts failed — storing raw output.
[720/1900] FAIL
  JSON parse failed (attempt 1), retrying...
  JSON parse failed (attempt 2), retrying...
[721/1900] OK
  JSON parse failed (attempt 1), retrying...
  JSON parse failed (attempt 2), retrying...
  All attempts failed — storing raw output.
[722/1900] FAIL
[723/1900] OK
  JSON parse failed (attempt 1), retrying...
  JSON parse failed (attempt 2), retrying...
[724/1900] OK
  JSON parse failed (attempt 1), retrying...
[725/1900] OK
  JSON parse failed (attempt 1), retrying...
  JSON parse failed (attempt 2), retrying...
  All attempts failed — storing raw output.
[726/1900] FAIL
  JSON parse failed (attempt 1), retrying...
  JSON parse failed (attempt 2), retrying...
  All attempts failed — storing raw output.
[727/1900] FAIL
[728/1900] OK
[729/1900] OK
  JSON parse failed (attempt 1), retrying...
  JSON parse failed (attempt 2), retrying...
  All attempts failed — storing raw output.
[730/1900] FAIL
  JSON parse failed (attempt 1), retrying...
  JSON parse failed (attempt 2), retrying...
  All attempts failed — storing raw output.
[731/1900] FAIL
  JSON parse failed (attempt 1), retrying...
  JSON parse failed (attempt 2), retrying...
  All attempts failed — storing raw output.
[732/1900] FAIL
  JSON parse failed (attempt 1), retrying...
  JSON parse failed (attempt 2), retrying...
  All attempts failed — storing raw output.
[733/1900] FAIL
  JSON parse failed (attempt 1), retrying...
  JSON parse failed (attempt 2), retrying...
  All attempts failed — storing raw output.
[734/1900] FAIL
  JSON parse failed (attempt 1), retrying...
  JSON parse failed (attempt 2), retrying...
[735/1900] OK
  JSON parse failed (attempt 1), retrying...
  JSON parse failed (attempt 2), retrying...
[736/1900] OK
  JSON parse failed (attempt 1), retrying...
  JSON parse failed (attempt 2), retrying...
  All attempts failed — storing raw output.
[737/1900] FAIL
  JSON parse failed (attempt 1), retrying...
  JSON parse failed (attempt 2), retrying...
  All attempts failed — storing raw output.
[738/1900] FAIL
  JSON parse failed (attempt 1), retrying...
  JSON parse failed (attempt 2), retrying...
[739/1900] OK
  JSON parse failed (attempt 1), retrying...
  JSON parse failed (attempt 2), retrying...
  All attempts failed — storing raw output.
[740/1900] FAIL
  JSON parse failed (attempt 1), retrying...
  JSON parse failed (attempt 2), retrying...
  All attempts failed — storing raw output.
[741/1900] FAIL
  JSON parse failed (attempt 1), retrying...
  JSON parse failed (attempt 2), retrying...
  All attempts failed — storing raw output.
[742/1900] FAIL
  JSON parse failed (attempt 1), retrying...
  JSON parse failed (attempt 2), retrying...
  All attempts failed — storing raw output.
[743/1900] FAIL
  JSON parse failed (attempt 1), retrying...
  JSON parse failed (attempt 2), retrying...
  All attempts failed — storing raw output.
[744/1900] FAIL
  JSON parse failed (attempt 1), retrying...
  JSON parse failed (attempt 2), retrying...
  All attempts failed — storing raw output.
[745/1900] FAIL
  JSON parse failed (attempt 1), retrying...
  JSON parse failed (attempt 2), retrying...
  All attempts failed — storing raw output.
[746/1900] FAIL
  JSON parse failed (attempt 1), retrying...
  JSON parse failed (attempt 2), retrying...
[747/1900] OK
[748/1900] OK
  JSON parse failed (attempt 1), retrying...
  JSON parse failed (attempt 2), retrying...
  All attempts failed — storing raw output.
[749/1900] FAIL
  JSON parse failed (attempt 1), retrying...
  JSON parse failed (attempt 2), retrying...
  All attempts failed — storing raw output.
[750/1900] FAIL
  JSON parse failed (attempt 1), retrying...
  JSON parse failed (attempt 2), retrying...
  All attempts failed — storing raw output.
[751/1900] FAIL
  JSON parse failed (attempt 1), retrying...
[752/1900] OK
  JSON parse failed (attempt 1), retrying...
  JSON parse failed (attempt 2), retrying...
  All attempts failed — storing raw output.
[753/1900] FAIL
[754/1900] OK
  JSON parse failed (attempt 1), retrying...
[755/1900] OK
  JSON parse failed (attempt 1), retrying...
  JSON parse failed (attempt 2), retrying...
  All attempts failed — storing raw output.
[756/1900] FAIL
  JSON parse failed (attempt 1), retrying...
  JSON parse failed (attempt 2), retrying...
  All attempts failed — storing raw output.
[757/1900] FAIL
[758/1900] OK
  JSON parse failed (attempt 1), retrying...
  JSON parse failed (attempt 2), retrying...
  All attempts failed — storing raw output.
[759/1900] FAIL
  JSON parse failed (attempt 1), retrying...
  JSON parse failed (attempt 2), retrying...
  All attempts failed — storing raw output.
[760/1900] FAIL
  JSON parse failed (attempt 1), retrying...
  JSON parse failed (attempt 2), retrying...
  All attempts failed — storing raw output.
[761/1900] FAIL
  JSON parse failed (attempt 1), retrying...
  JSON parse failed (attempt 2), retrying...
  All attempts failed — storing raw output.
[762/1900] FAIL
[763/1900] OK
  JSON parse failed (attempt 1), retrying...
  JSON parse failed (attempt 2), retrying...
  All attempts failed — storing raw output.
[764/1900] FAIL
  JSON parse failed (attempt 1), retrying...
  JSON parse failed (attempt 2), retrying...
  All attempts failed — storing raw output.
[765/1900] FAIL
  JSON parse failed (attempt 1), retrying...
  JSON parse failed (attempt 2), retrying...
  All attempts failed — storing raw output.
[766/1900] FAIL
[767/1900] OK
  JSON parse failed (attempt 1), retrying...
[768/1900] OK
  JSON parse failed (attempt 1), retrying...
  JSON parse failed (attempt 2), retrying...
[769/1900] OK
[770/1900] OK
  JSON parse failed (attempt 1), retrying...
[771/1900] OK
  JSON parse failed (attempt 1), retrying...
  JSON parse failed (attempt 2), retrying...
  All attempts failed — storing raw output.
[772/1900] FAIL
  JSON parse failed (attempt 1), retrying...
  JSON parse failed (attempt 2), retrying...
  All attempts failed — storing raw output.
[773/1900] FAIL
  JSON parse failed (attempt 1), retrying...
[774/1900] OK
  JSON parse failed (attempt 1), retrying...
[775/1900] OK
  JSON parse failed (attempt 1), retrying...
  JSON parse failed (attempt 2), retrying...
  All attempts failed — storing raw output.
[776/1900] FAIL
  JSON parse failed (attempt 1), retrying...
  JSON parse failed (attempt 2), retrying...
[777/1900] OK
  JSON parse failed (attempt 1), retrying...
  JSON parse failed (attempt 2), retrying...
  All attempts failed — storing raw output.
[778/1900] FAIL
[779/1900] OK
  JSON parse failed (attempt 1), retrying...
  JSON parse failed (attempt 2), retrying...
  All attempts failed — storing raw output.
[780/1900] FAIL
  JSON parse failed (attempt 1), retrying...
  JSON parse failed (attempt 2), retrying...
  All attempts failed — storing raw output.
[781/1900] FAIL
  JSON parse failed (attempt 1), retrying...
  JSON parse failed (attempt 2), retrying...
[782/1900] OK
  JSON parse failed (attempt 1), retrying...
[783/1900] OK
  JSON parse failed (attempt 1), retrying...
  JSON parse failed (attempt 2), retrying...
[784/1900] OK
  JSON parse failed (attempt 1), retrying...
  JSON parse failed (attempt 2), retrying...
  All attempts failed — storing raw output.
[785/1900] FAIL
  JSON parse failed (attempt 1), retrying...
  JSON parse failed (attempt 2), retrying...
  All attempts failed — storing raw output.
[786/1900] FAIL
  JSON parse failed (attempt 1), retrying...
[787/1900] OK
  JSON parse failed (attempt 1), retrying...
  JSON parse failed (attempt 2), retrying...
  All attempts failed — storing raw output.
[788/1900] FAIL
  JSON parse failed (attempt 1), retrying...
  JSON parse failed (attempt 2), retrying...
  All attempts failed — storing raw output.
[789/1900] FAIL
  JSON parse failed (attempt 1), retrying...
[790/1900] OK
  JSON parse failed (attempt 1), retrying...
  JSON parse failed (attempt 2), retrying...
  All attempts failed — storing raw output.
[791/1900] FAIL
[792/1900] OK
  JSON parse failed (attempt 1), retrying...
  JSON parse failed (attempt 2), retrying...
  All attempts failed — storing raw output.
[793/1900] FAIL
  JSON parse failed (attempt 1), retrying...
  JSON parse failed (attempt 2), retrying...
[794/1900] OK
  JSON parse failed (attempt 1), retrying...
  JSON parse failed (attempt 2), retrying...
  All attempts failed — storing raw output.
[795/1900] FAIL
  JSON parse failed (attempt 1), retrying...
  JSON parse failed (attempt 2), retrying...
  All attempts failed — storing raw output.
[796/1900] FAIL
[797/1900] OK
  JSON parse failed (attempt 1), retrying...
[798/1900] OK
  JSON parse failed (attempt 1), retrying...
  JSON parse failed (attempt 2), retrying...
  All attempts failed — storing raw output.
[799/1900] FAIL
  JSON parse failed (attempt 1), retrying...
  JSON parse failed (attempt 2), retrying...
[800/1900] OK
  JSON parse failed (attempt 1), retrying...
  JSON parse failed (attempt 2), retrying...
  All attempts failed — storing raw output.
[801/1900] FAIL
  JSON parse failed (attempt 1), retrying...
  JSON parse failed (attempt 2), retrying...
  All attempts failed — storing raw output.
[802/1900] FAIL
  JSON parse failed (attempt 1), retrying...
  JSON parse failed (attempt 2), retrying...
  All attempts failed — storing raw output.
[803/1900] FAIL
  JSON parse failed (attempt 1), retrying...
  JSON parse failed (attempt 2), retrying...
[804/1900] OK
[805/1900] OK
  JSON parse failed (attempt 1), retrying...
  JSON parse failed (attempt 2), retrying...
[806/1900] OK
  JSON parse failed (attempt 1), retrying...
[807/1900] OK
  JSON parse failed (attempt 1), retrying...
  JSON parse failed (attempt 2), retrying...
  All attempts failed — storing raw output.
[808/1900] FAIL
  JSON parse failed (attempt 1), retrying...
  JSON parse failed (attempt 2), retrying...
  All attempts failed — storing raw output.
[809/1900] FAIL
  JSON parse failed (attempt 1), retrying...
  JSON parse failed (attempt 2), retrying...
  All attempts failed — storing raw output.
[810/1900] FAIL
  JSON parse failed (attempt 1), retrying...
  JSON parse failed (attempt 2), retrying...
  All attempts failed — storing raw output.
[811/1900] FAIL
  JSON parse failed (attempt 1), retrying...
  JSON parse failed (attempt 2), retrying...
  All attempts failed — storing raw output.
[812/1900] FAIL
  JSON parse failed (attempt 1), retrying...
[813/1900] OK
  JSON parse failed (attempt 1), retrying...
  JSON parse failed (attempt 2), retrying...
  All attempts failed — storing raw output.
[814/1900] FAIL
  JSON parse failed (attempt 1), retrying...
  JSON parse failed (attempt 2), retrying...
  All attempts failed — storing raw output.
[815/1900] FAIL
[816/1900] OK
  JSON parse failed (attempt 1), retrying...
  JSON parse failed (attempt 2), retrying...
  All attempts failed — storing raw output.
[817/1900] FAIL
  JSON parse failed (attempt 1), retrying...
  JSON parse failed (attempt 2), retrying...
  All attempts failed — storing raw output.
[818/1900] FAIL
[819/1900] OK
  JSON parse failed (attempt 1), retrying...
  JSON parse failed (attempt 2), retrying...
[820/1900] OK
[821/1900] OK
  JSON parse failed (attempt 1), retrying...
  JSON parse failed (attempt 2), retrying...
[822/1900] OK
  JSON parse failed (attempt 1), retrying...
  JSON parse failed (attempt 2), retrying...
  All attempts failed — storing raw output.
[823/1900] FAIL
[824/1900] OK
  JSON parse failed (attempt 1), retrying...
[825/1900] OK
  JSON parse failed (attempt 1), retrying...
  JSON parse failed (attempt 2), retrying...
  All attempts failed — storing raw output.
[826/1900] FAIL
  JSON parse failed (attempt 1), retrying...
  JSON parse failed (attempt 2), retrying...
  All attempts failed — storing raw output.
[827/1900] FAIL
  JSON parse failed (attempt 1), retrying...
  JSON parse failed (attempt 2), retrying...
[828/1900] OK
  JSON parse failed (attempt 1), retrying...
  JSON parse failed (attempt 2), retrying...
  All attempts failed — storing raw output.
[829/1900] FAIL
  JSON parse failed (attempt 1), retrying...
  JSON parse failed (attempt 2), retrying...
[830/1900] OK
  JSON parse failed (attempt 1), retrying...
  JSON parse failed (attempt 2), retrying...
  All attempts failed — storing raw output.
[831/1900] FAIL
  JSON parse failed (attempt 1), retrying...
  JSON parse failed (attempt 2), retrying...
[832/1900] OK
  JSON parse failed (attempt 1), retrying...
  JSON parse failed (attempt 2), retrying...
  All attempts failed — storing raw output.
[833/1900] FAIL
  JSON parse failed (attempt 1), retrying...
[834/1900] OK
  JSON parse failed (attempt 1), retrying...
  JSON parse failed (attempt 2), retrying...
  All attempts failed — storing raw output.
[835/1900] FAIL
  JSON parse failed (attempt 1), retrying...
[836/1900] OK
  JSON parse failed (attempt 1), retrying...
  JSON parse failed (attempt 2), retrying...
  All attempts failed — storing raw output.
[837/1900] FAIL
  JSON parse failed (attempt 1), retrying...
  JSON parse failed (attempt 2), retrying...
  All attempts failed — storing raw output.
[838/1900] FAIL
[839/1900] OK
  JSON parse failed (attempt 1), retrying...
  JSON parse failed (attempt 2), retrying...
  All attempts failed — storing raw output.
[840/1900] FAIL
  JSON parse failed (attempt 1), retrying...
  JSON parse failed (attempt 2), retrying...
  All attempts failed — storing raw output.
[841/1900] FAIL
[842/1900] OK
[843/1900] OK
  JSON parse failed (attempt 1), retrying...
  JSON parse failed (attempt 2), retrying...
  All attempts failed — storing raw output.
[844/1900] FAIL
  JSON parse failed (attempt 1), retrying...
[845/1900] OK
  JSON parse failed (attempt 1), retrying...
  JSON parse failed (attempt 2), retrying...
  All attempts failed — storing raw output.
[846/1900] FAIL
  JSON parse failed (attempt 1), retrying...
  JSON parse failed (attempt 2), retrying...
[847/1900] OK
[848/1900] OK
  JSON parse failed (attempt 1), retrying...
  JSON parse failed (attempt 2), retrying...
  All attempts failed — storing raw output.
[849/1900] FAIL
  JSON parse failed (attempt 1), retrying...
  JSON parse failed (attempt 2), retrying...
  All attempts failed — storing raw output.
[850/1900] FAIL
  JSON parse failed (attempt 1), retrying...
  JSON parse failed (attempt 2), retrying...
[851/1900] OK
[852/1900] OK
  JSON parse failed (attempt 1), retrying...
  JSON parse failed (attempt 2), retrying...
  All attempts failed — storing raw output.
[853/1900] FAIL
  JSON parse failed (attempt 1), retrying...
  JSON parse failed (attempt 2), retrying...
[854/1900] OK
  JSON parse failed (attempt 1), retrying...
  JSON parse failed (attempt 2), retrying...
  All attempts failed — storing raw output.
[855/1900] FAIL
  JSON parse failed (attempt 1), retrying...
  JSON parse failed (attempt 2), retrying...
  All attempts failed — storing raw output.
[856/1900] FAIL
  JSON parse failed (attempt 1), retrying...
  JSON parse failed (attempt 2), retrying...
  All attempts failed — storing raw output.
[857/1900] FAIL
  JSON parse failed (attempt 1), retrying...
  JSON parse failed (attempt 2), retrying...
  All attempts failed — storing raw output.
[858/1900] FAIL
[859/1900] OK
  JSON parse failed (attempt 1), retrying...
  JSON parse failed (attempt 2), retrying...
[860/1900] OK
[861/1900] OK
[862/1900] OK
  JSON parse failed (attempt 1), retrying...
[863/1900] OK
  JSON parse failed (attempt 1), retrying...
  JSON parse failed (attempt 2), retrying...
  All attempts failed — storing raw output.
[864/1900] FAIL
[865/1900] OK
  JSON parse failed (attempt 1), retrying...
  JSON parse failed (attempt 2), retrying...
  All attempts failed — storing raw output.
[866/1900] FAIL
  JSON parse failed (attempt 1), retrying...
  JSON parse failed (attempt 2), retrying...
[867/1900] OK
  JSON parse failed (attempt 1), retrying...
  JSON parse failed (attempt 2), retrying...
  All attempts failed — storing raw output.
[868/1900] FAIL
  JSON parse failed (attempt 1), retrying...
  JSON parse failed (attempt 2), retrying...
[869/1900] OK
  JSON parse failed (attempt 1), retrying...
  JSON parse failed (attempt 2), retrying...
  All attempts failed — storing raw output.
[870/1900] FAIL
  JSON parse failed (attempt 1), retrying...
  JSON parse failed (attempt 2), retrying...
  All attempts failed — storing raw output.
[871/1900] FAIL
  JSON parse failed (attempt 1), retrying...
  JSON parse failed (attempt 2), retrying...
  All attempts failed — storing raw output.
[872/1900] FAIL
  JSON parse failed (attempt 1), retrying...
  JSON parse failed (attempt 2), retrying...
  All attempts failed — storing raw output.
[873/1900] FAIL
[874/1900] OK
  JSON parse failed (attempt 1), retrying...
  JSON parse failed (attempt 2), retrying...
[875/1900] OK
  JSON parse failed (attempt 1), retrying...
  JSON parse failed (attempt 2), retrying...
  All attempts failed — storing raw output.
[876/1900] FAIL
  JSON parse failed (attempt 1), retrying...
[877/1900] OK
  JSON parse failed (attempt 1), retrying...
  JSON parse failed (attempt 2), retrying...
  All attempts failed — storing raw output.
[878/1900] FAIL
  JSON parse failed (attempt 1), retrying...
  JSON parse failed (attempt 2), retrying...
  All attempts failed — storing raw output.
[879/1900] FAIL
  JSON parse failed (attempt 1), retrying...
  JSON parse failed (attempt 2), retrying...
  All attempts failed — storing raw output.
[880/1900] FAIL
[881/1900] OK
  JSON parse failed (attempt 1), retrying...
[882/1900] OK
  JSON parse failed (attempt 1), retrying...
  JSON parse failed (attempt 2), retrying...
  All attempts failed — storing raw output.
[883/1900] FAIL
  JSON parse failed (attempt 1), retrying...
  JSON parse failed (attempt 2), retrying...
  All attempts failed — storing raw output.
[884/1900] FAIL
  JSON parse failed (attempt 1), retrying...
  JSON parse failed (attempt 2), retrying...
  All attempts failed — storing raw output.
[885/1900] FAIL
  JSON parse failed (attempt 1), retrying...
[886/1900] OK
  JSON parse failed (attempt 1), retrying...
  JSON parse failed (attempt 2), retrying...
  All attempts failed — storing raw output.
[887/1900] FAIL
  JSON parse failed (attempt 1), retrying...
  JSON parse failed (attempt 2), retrying...
[888/1900] OK
  JSON parse failed (attempt 1), retrying...
  JSON parse failed (attempt 2), retrying...
  All attempts failed — storing raw output.
[889/1900] FAIL
  JSON parse failed (attempt 1), retrying...
  JSON parse failed (attempt 2), retrying...
[890/1900] OK
  JSON parse failed (attempt 1), retrying...
  JSON parse failed (attempt 2), retrying...
  All attempts failed — storing raw output.
[891/1900] FAIL
[892/1900] OK
[893/1900] OK
  JSON parse failed (attempt 1), retrying...
[894/1900] OK
  JSON parse failed (attempt 1), retrying...
[895/1900] OK
  JSON parse failed (attempt 1), retrying...
  JSON parse failed (attempt 2), retrying...
  All attempts failed — storing raw output.
[896/1900] FAIL
  JSON parse failed (attempt 1), retrying...
  JSON parse failed (attempt 2), retrying...
  All attempts failed — storing raw output.
[897/1900] FAIL
  JSON parse failed (attempt 1), retrying...
[898/1900] OK
  JSON parse failed (attempt 1), retrying...
  JSON parse failed (attempt 2), retrying...
  All attempts failed — storing raw output.
[899/1900] FAIL
  JSON parse failed (attempt 1), retrying...
  JSON parse failed (attempt 2), retrying...
  All attempts failed — storing raw output.
[900/1900] FAIL
  JSON parse failed (attempt 1), retrying...
  JSON parse failed (attempt 2), retrying...
  All attempts failed — storing raw output.
[901/1900] FAIL
  JSON parse failed (attempt 1), retrying...
  JSON parse failed (attempt 2), retrying...
  All attempts failed — storing raw output.
[902/1900] FAIL
  JSON parse failed (attempt 1), retrying...
  JSON parse failed (attempt 2), retrying...
  All attempts failed — storing raw output.
[903/1900] FAIL
  JSON parse failed (attempt 1), retrying...
  JSON parse failed (attempt 2), retrying...
  All attempts failed — storing raw output.
[904/1900] FAIL
  JSON parse failed (attempt 1), retrying...
  JSON parse failed (attempt 2), retrying...
  All attempts failed — storing raw output.
[905/1900] FAIL
  JSON parse failed (attempt 1), retrying...
  JSON parse failed (attempt 2), retrying...
  All attempts failed — storing raw output.
[906/1900] FAIL
  JSON parse failed (attempt 1), retrying...
  JSON parse failed (attempt 2), retrying...
  All attempts failed — storing raw output.
[907/1900] FAIL
  JSON parse failed (attempt 1), retrying...
  JSON parse failed (attempt 2), retrying...
  All attempts failed — storing raw output.
[908/1900] FAIL
  JSON parse failed (attempt 1), retrying...
  JSON parse failed (attempt 2), retrying...
  All attempts failed — storing raw output.
[909/1900] FAIL
  JSON parse failed (attempt 1), retrying...
  JSON parse failed (attempt 2), retrying...
  All attempts failed — storing raw output.
[910/1900] FAIL
  JSON parse failed (attempt 1), retrying...
  JSON parse failed (attempt 2), retrying...
  All attempts failed — storing raw output.
[911/1900] FAIL
[912/1900] OK
  JSON parse failed (attempt 1), retrying...
  JSON parse failed (attempt 2), retrying...
  All attempts failed — storing raw output.
[913/1900] FAIL
  JSON parse failed (attempt 1), retrying...
  JSON parse failed (attempt 2), retrying...
[914/1900] OK
[915/1900] OK
  JSON parse failed (attempt 1), retrying...
  JSON parse failed (attempt 2), retrying...
  All attempts failed — storing raw output.
[916/1900] FAIL
[917/1900] OK
[918/1900] OK
  JSON parse failed (attempt 1), retrying...
  JSON parse failed (attempt 2), retrying...
  All attempts failed — storing raw output.
[919/1900] FAIL
  JSON parse failed (attempt 1), retrying...
  JSON parse failed (attempt 2), retrying...
  All attempts failed — storing raw output.
[920/1900] FAIL
  JSON parse failed (attempt 1), retrying...
  JSON parse failed (attempt 2), retrying...
  All attempts failed — storing raw output.
[921/1900] FAIL
  JSON parse failed (attempt 1), retrying...
  JSON parse failed (attempt 2), retrying...
  All attempts failed — storing raw output.
[922/1900] FAIL
  JSON parse failed (attempt 1), retrying...
  JSON parse failed (attempt 2), retrying...
  All attempts failed — storing raw output.
[923/1900] FAIL
  JSON parse failed (attempt 1), retrying...
  JSON parse failed (attempt 2), retrying...
  All attempts failed — storing raw output.
[924/1900] FAIL
[925/1900] OK
  JSON parse failed (attempt 1), retrying...
[926/1900] OK
  JSON parse failed (attempt 1), retrying...
  JSON parse failed (attempt 2), retrying...
  All attempts failed — storing raw output.
[927/1900] FAIL
  JSON parse failed (attempt 1), retrying...
  JSON parse failed (attempt 2), retrying...
  All attempts failed — storing raw output.
[928/1900] FAIL
  JSON parse failed (attempt 1), retrying...
  JSON parse failed (attempt 2), retrying...
  All attempts failed — storing raw output.
[929/1900] FAIL
[930/1900] OK
  JSON parse failed (attempt 1), retrying...
  JSON parse failed (attempt 2), retrying...
  All attempts failed — storing raw output.
[931/1900] FAIL
[932/1900] OK
  JSON parse failed (attempt 1), retrying...
  JSON parse failed (attempt 2), retrying...
  All attempts failed — storing raw output.
[933/1900] FAIL
  JSON parse failed (attempt 1), retrying...
[934/1900] OK
  JSON parse failed (attempt 1), retrying...
  JSON parse failed (attempt 2), retrying...
  All attempts failed — storing raw output.
[935/1900] FAIL
  JSON parse failed (attempt 1), retrying...
  JSON parse failed (attempt 2), retrying...
  All attempts failed — storing raw output.
[936/1900] FAIL
  JSON parse failed (attempt 1), retrying...
  JSON parse failed (attempt 2), retrying...
[937/1900] OK
  JSON parse failed (attempt 1), retrying...
  JSON parse failed (attempt 2), retrying...
[938/1900] OK
  JSON parse failed (attempt 1), retrying...
  JSON parse failed (attempt 2), retrying...
[939/1900] OK
[940/1900] OK
  JSON parse failed (attempt 1), retrying...
[941/1900] OK
[942/1900] OK
  JSON parse failed (attempt 1), retrying...
  JSON parse failed (attempt 2), retrying...
  All attempts failed — storing raw output.
[943/1900] FAIL
  JSON parse failed (attempt 1), retrying...
  JSON parse failed (attempt 2), retrying...
[944/1900] OK
  JSON parse failed (attempt 1), retrying...
  JSON parse failed (attempt 2), retrying...
  All attempts failed — storing raw output.
[945/1900] FAIL
  JSON parse failed (attempt 1), retrying...
  JSON parse failed (attempt 2), retrying...
  All attempts failed — storing raw output.
[946/1900] FAIL
  JSON parse failed (attempt 1), retrying...
  JSON parse failed (attempt 2), retrying...
  All attempts failed — storing raw output.
[947/1900] FAIL
  JSON parse failed (attempt 1), retrying...
[948/1900] OK
[949/1900] OK
[950/1900] OK
  JSON parse failed (attempt 1), retrying...
  JSON parse failed (attempt 2), retrying...
  All attempts failed — storing raw output.
[951/1900] FAIL
  JSON parse failed (attempt 1), retrying...
[952/1900] OK
  JSON parse failed (attempt 1), retrying...
  JSON parse failed (attempt 2), retrying...
[953/1900] OK
  JSON parse failed (attempt 1), retrying...
[954/1900] OK
  JSON parse failed (attempt 1), retrying...
  JSON parse failed (attempt 2), retrying...
[955/1900] OK
  JSON parse failed (attempt 1), retrying...
  JSON parse failed (attempt 2), retrying...
  All attempts failed — storing raw output.
[956/1900] FAIL
  JSON parse failed (attempt 1), retrying...
  JSON parse failed (attempt 2), retrying...
  All attempts failed — storing raw output.
[957/1900] FAIL
  JSON parse failed (attempt 1), retrying...
  JSON parse failed (attempt 2), retrying...
[958/1900] OK
  JSON parse failed (attempt 1), retrying...
  JSON parse failed (attempt 2), retrying...
  All attempts failed — storing raw output.
[959/1900] FAIL
  JSON parse failed (attempt 1), retrying...
  JSON parse failed (attempt 2), retrying...
  All attempts failed — storing raw output.
[960/1900] FAIL
  JSON parse failed (attempt 1), retrying...
  JSON parse failed (attempt 2), retrying...
  All attempts failed — storing raw output.
[961/1900] FAIL
[962/1900] OK
  JSON parse failed (attempt 1), retrying...
  JSON parse failed (attempt 2), retrying...
  All attempts failed — storing raw output.
[963/1900] FAIL
  JSON parse failed (attempt 1), retrying...
  JSON parse failed (attempt 2), retrying...
  All attempts failed — storing raw output.
[964/1900] FAIL
[965/1900] OK
  JSON parse failed (attempt 1), retrying...
  JSON parse failed (attempt 2), retrying...
  All attempts failed — storing raw output.
[966/1900] FAIL
[967/1900] OK
  JSON parse failed (attempt 1), retrying...
[968/1900] OK
[969/1900] OK
[970/1900] OK
  JSON parse failed (attempt 1), retrying...
  JSON parse failed (attempt 2), retrying...
  All attempts failed — storing raw output.
[971/1900] FAIL
  JSON parse failed (attempt 1), retrying...
[972/1900] OK
  JSON parse failed (attempt 1), retrying...
  JSON parse failed (attempt 2), retrying...
[973/1900] OK
  JSON parse failed (attempt 1), retrying...
  JSON parse failed (attempt 2), retrying...
  All attempts failed — storing raw output.
[974/1900] FAIL
  JSON parse failed (attempt 1), retrying...
  JSON parse failed (attempt 2), retrying...
  All attempts failed — storing raw output.
[975/1900] FAIL
  JSON parse failed (attempt 1), retrying...
  JSON parse failed (attempt 2), retrying...
[976/1900] OK
  JSON parse failed (attempt 1), retrying...
  JSON parse failed (attempt 2), retrying...
[977/1900] OK
  JSON parse failed (attempt 1), retrying...
  JSON parse failed (attempt 2), retrying...
  All attempts failed — storing raw output.
[978/1900] FAIL
  JSON parse failed (attempt 1), retrying...
[979/1900] OK
  JSON parse failed (attempt 1), retrying...
  JSON parse failed (attempt 2), retrying...
  All attempts failed — storing raw output.
[980/1900] FAIL
  JSON parse failed (attempt 1), retrying...
  JSON parse failed (attempt 2), retrying...
  All attempts failed — storing raw output.
[981/1900] FAIL
  JSON parse failed (attempt 1), retrying...
  JSON parse failed (attempt 2), retrying...
  All attempts failed — storing raw output.
[982/1900] FAIL
[983/1900] OK
  JSON parse failed (attempt 1), retrying...
  JSON parse failed (attempt 2), retrying...
[984/1900] OK
  JSON parse failed (attempt 1), retrying...
[985/1900] OK
  JSON parse failed (attempt 1), retrying...
  JSON parse failed (attempt 2), retrying...
  All attempts failed — storing raw output.
[986/1900] FAIL
  JSON parse failed (attempt 1), retrying...
  JSON parse failed (attempt 2), retrying...
  All attempts failed — storing raw output.
[987/1900] FAIL
  JSON parse failed (attempt 1), retrying...
  JSON parse failed (attempt 2), retrying...
  All attempts failed — storing raw output.
[988/1900] FAIL
  JSON parse failed (attempt 1), retrying...
  JSON parse failed (attempt 2), retrying...
  All attempts failed — storing raw output.
[989/1900] FAIL
  JSON parse failed (attempt 1), retrying...
  JSON parse failed (attempt 2), retrying...
[990/1900] OK
  JSON parse failed (attempt 1), retrying...
[991/1900] OK
  JSON parse failed (attempt 1), retrying...
  JSON parse failed (attempt 2), retrying...
[992/1900] OK
[993/1900] OK
  JSON parse failed (attempt 1), retrying...
  JSON parse failed (attempt 2), retrying...
  All attempts failed — storing raw output.
[994/1900] FAIL
  JSON parse failed (attempt 1), retrying...
  JSON parse failed (attempt 2), retrying...
  All attempts failed — storing raw output.
[995/1900] FAIL
  JSON parse failed (attempt 1), retrying...
  JSON parse failed (attempt 2), retrying...
  All attempts failed — storing raw output.
[996/1900] FAIL
  JSON parse failed (attempt 1), retrying...
  JSON parse failed (attempt 2), retrying...
  All attempts failed — storing raw output.
[997/1900] FAIL
  JSON parse failed (attempt 1), retrying...
[998/1900] OK
[999/1900] OK
  JSON parse failed (attempt 1), retrying...
  JSON parse failed (attempt 2), retrying...
[1000/1900] OK
  JSON parse failed (attempt 1), retrying...
  JSON parse failed (attempt 2), retrying...
  All attempts failed — storing raw output.
[1001/1900] FAIL
  JSON parse failed (attempt 1), retrying...
  JSON parse failed (attempt 2), retrying...
  All attempts failed — storing raw output.
[1002/1900] FAIL
[1003/1900] OK
  JSON parse failed (attempt 1), retrying...
  JSON parse failed (attempt 2), retrying...
  All attempts failed — storing raw output.
[1004/1900] FAIL
  JSON parse failed (attempt 1), retrying...
  JSON parse failed (attempt 2), retrying...
  All attempts failed — storing raw output.
[1005/1900] FAIL
  JSON parse failed (attempt 1), retrying...
[1006/1900] OK
  JSON parse failed (attempt 1), retrying...
  JSON parse failed (attempt 2), retrying...
[1007/1900] OK
  JSON parse failed (attempt 1), retrying...
  JSON parse failed (attempt 2), retrying...
[1008/1900] OK
  JSON parse failed (attempt 1), retrying...
  JSON parse failed (attempt 2), retrying...
[1009/1900] OK
  JSON parse failed (attempt 1), retrying...
  JSON parse failed (attempt 2), retrying...
  All attempts failed — storing raw output.
[1010/1900] FAIL
  JSON parse failed (attempt 1), retrying...
  JSON parse failed (attempt 2), retrying...
  All attempts failed — storing raw output.
[1011/1900] FAIL
  JSON parse failed (attempt 1), retrying...
[1012/1900] OK
  JSON parse failed (attempt 1), retrying...
[1013/1900] OK
  JSON parse failed (attempt 1), retrying...
  JSON parse failed (attempt 2), retrying...
  All attempts failed — storing raw output.
[1014/1900] FAIL
  JSON parse failed (attempt 1), retrying...
[1015/1900] OK
  JSON parse failed (attempt 1), retrying...
  JSON parse failed (attempt 2), retrying...
  All attempts failed — storing raw output.
[1016/1900] FAIL
  JSON parse failed (attempt 1), retrying...
  JSON parse failed (attempt 2), retrying...
  All attempts failed — storing raw output.
[1017/1900] FAIL
  JSON parse failed (attempt 1), retrying...
  JSON parse failed (attempt 2), retrying...
  All attempts failed — storing raw output.
[1018/1900] FAIL
  JSON parse failed (attempt 1), retrying...
  JSON parse failed (attempt 2), retrying...
[1019/1900] OK
  JSON parse failed (attempt 1), retrying...
  JSON parse failed (attempt 2), retrying...
  All attempts failed — storing raw output.
[1020/1900] FAIL
  JSON parse failed (attempt 1), retrying...
  JSON parse failed (attempt 2), retrying...
  All attempts failed — storing raw output.
[1021/1900] FAIL
  JSON parse failed (attempt 1), retrying...
  JSON parse failed (attempt 2), retrying...
  All attempts failed — storing raw output.
[1022/1900] FAIL
[1023/1900] OK
  JSON parse failed (attempt 1), retrying...
  JSON parse failed (attempt 2), retrying...
  All attempts failed — storing raw output.
[1024/1900] FAIL
  JSON parse failed (attempt 1), retrying...
  JSON parse failed (attempt 2), retrying...
  All attempts failed — storing raw output.
[1025/1900] FAIL
  JSON parse failed (attempt 1), retrying...
  JSON parse failed (attempt 2), retrying...
[1026/1900] OK
  JSON parse failed (attempt 1), retrying...
  JSON parse failed (attempt 2), retrying...
  All attempts failed — storing raw output.
[1027/1900] FAIL
  JSON parse failed (attempt 1), retrying...
  JSON parse failed (attempt 2), retrying...
  All attempts failed — storing raw output.
[1028/1900] FAIL
  JSON parse failed (attempt 1), retrying...
  JSON parse failed (attempt 2), retrying...
  All attempts failed — storing raw output.
[1029/1900] FAIL
[1030/1900] OK
  JSON parse failed (attempt 1), retrying...
  JSON parse failed (attempt 2), retrying...
  All attempts failed — storing raw output.
[1031/1900] FAIL
  JSON parse failed (attempt 1), retrying...
  JSON parse failed (attempt 2), retrying...
  All attempts failed — storing raw output.
[1032/1900] FAIL
  JSON parse failed (attempt 1), retrying...
  JSON parse failed (attempt 2), retrying...
  All attempts failed — storing raw output.
[1033/1900] FAIL
  JSON parse failed (attempt 1), retrying...
  JSON parse failed (attempt 2), retrying...
  All attempts failed — storing raw output.
[1034/1900] FAIL
  JSON parse failed (attempt 1), retrying...
  JSON parse failed (attempt 2), retrying...
[1035/1900] OK
  JSON parse failed (attempt 1), retrying...
  JSON parse failed (attempt 2), retrying...
  All attempts failed — storing raw output.
[1036/1900] FAIL
  JSON parse failed (attempt 1), retrying...
  JSON parse failed (attempt 2), retrying...
  All attempts failed — storing raw output.
[1037/1900] FAIL
[1038/1900] OK
  JSON parse failed (attempt 1), retrying...
  JSON parse failed (attempt 2), retrying...
  All attempts failed — storing raw output.
[1039/1900] FAIL
  JSON parse failed (attempt 1), retrying...
  JSON parse failed (attempt 2), retrying...
  All attempts failed — storing raw output.
[1040/1900] FAIL
[1041/1900] OK
[1042/1900] OK
[1043/1900] OK
  JSON parse failed (attempt 1), retrying...
  JSON parse failed (attempt 2), retrying...
  All attempts failed — storing raw output.
[1044/1900] FAIL
  JSON parse failed (attempt 1), retrying...
  JSON parse failed (attempt 2), retrying...
  All attempts failed — storing raw output.
[1045/1900] FAIL
  JSON parse failed (attempt 1), retrying...
  JSON parse failed (attempt 2), retrying...
  All attempts failed — storing raw output.
[1046/1900] FAIL
  JSON parse failed (attempt 1), retrying...
  JSON parse failed (attempt 2), retrying...
[1047/1900] OK
  JSON parse failed (attempt 1), retrying...
  JSON parse failed (attempt 2), retrying...
  All attempts failed — storing raw output.
[1048/1900] FAIL
  JSON parse failed (attempt 1), retrying...
  JSON parse failed (attempt 2), retrying...
  All attempts failed — storing raw output.
[1049/1900] FAIL
  JSON parse failed (attempt 1), retrying...
  JSON parse failed (attempt 2), retrying...
  All attempts failed — storing raw output.
[1050/1900] FAIL
  JSON parse failed (attempt 1), retrying...
  JSON parse failed (attempt 2), retrying...
  All attempts failed — storing raw output.
[1051/1900] FAIL
  JSON parse failed (attempt 1), retrying...
  JSON parse failed (attempt 2), retrying...
  All attempts failed — storing raw output.
[1052/1900] FAIL
  JSON parse failed (attempt 1), retrying...
  JSON parse failed (attempt 2), retrying...
  All attempts failed — storing raw output.
[1053/1900] FAIL
  JSON parse failed (attempt 1), retrying...
  JSON parse failed (attempt 2), retrying...
  All attempts failed — storing raw output.
[1054/1900] FAIL
  JSON parse failed (attempt 1), retrying...
[1055/1900] OK
  JSON parse failed (attempt 1), retrying...
[1056/1900] OK
  JSON parse failed (attempt 1), retrying...
  JSON parse failed (attempt 2), retrying...
  All attempts failed — storing raw output.
[1057/1900] FAIL
  JSON parse failed (attempt 1), retrying...
  JSON parse failed (attempt 2), retrying...
  All attempts failed — storing raw output.
[1058/1900] FAIL
  JSON parse failed (attempt 1), retrying...
  JSON parse failed (attempt 2), retrying...
  All attempts failed — storing raw output.
[1059/1900] FAIL
  JSON parse failed (attempt 1), retrying...
  JSON parse failed (attempt 2), retrying...
[1060/1900] OK
  JSON parse failed (attempt 1), retrying...
[1061/1900] OK
[1062/1900] OK
  JSON parse failed (attempt 1), retrying...
  JSON parse failed (attempt 2), retrying...
  All attempts failed — storing raw output.
[1063/1900] FAIL
  JSON parse failed (attempt 1), retrying...
[1064/1900] OK
  JSON parse failed (attempt 1), retrying...
  JSON parse failed (attempt 2), retrying...
  All attempts failed — storing raw output.
[1065/1900] FAIL
  JSON parse failed (attempt 1), retrying...
[1066/1900] OK
[1067/1900] OK
  JSON parse failed (attempt 1), retrying...
  JSON parse failed (attempt 2), retrying...
  All attempts failed — storing raw output.
[1068/1900] FAIL
  JSON parse failed (attempt 1), retrying...
  JSON parse failed (attempt 2), retrying...
  All attempts failed — storing raw output.
[1069/1900] FAIL
[1070/1900] OK
  JSON parse failed (attempt 1), retrying...
  JSON parse failed (attempt 2), retrying...
  All attempts failed — storing raw output.
[1071/1900] FAIL
  JSON parse failed (attempt 1), retrying...
  JSON parse failed (attempt 2), retrying...
  All attempts failed — storing raw output.
[1072/1900] FAIL
  JSON parse failed (attempt 1), retrying...
  JSON parse failed (attempt 2), retrying...
  All attempts failed — storing raw output.
[1073/1900] FAIL
  JSON parse failed (attempt 1), retrying...
  JSON parse failed (attempt 2), retrying...
  All attempts failed — storing raw output.
[1074/1900] FAIL
  JSON parse failed (attempt 1), retrying...
  JSON parse failed (attempt 2), retrying...
  All attempts failed — storing raw output.
[1075/1900] FAIL
  JSON parse failed (attempt 1), retrying...
  JSON parse failed (attempt 2), retrying...
  All attempts failed — storing raw output.
[1076/1900] FAIL
  JSON parse failed (attempt 1), retrying...
  JSON parse failed (attempt 2), retrying...
  All attempts failed — storing raw output.
[1077/1900] FAIL
  JSON parse failed (attempt 1), retrying...
[1078/1900] OK
  JSON parse failed (attempt 1), retrying...
  JSON parse failed (attempt 2), retrying...
  All attempts failed — storing raw output.
[1079/1900] FAIL
  JSON parse failed (attempt 1), retrying...
  JSON parse failed (attempt 2), retrying...
  All attempts failed — storing raw output.
[1080/1900] FAIL
[1081/1900] OK
  JSON parse failed (attempt 1), retrying...
[1082/1900] OK
  JSON parse failed (attempt 1), retrying...
  JSON parse failed (attempt 2), retrying...
[1083/1900] OK
  JSON parse failed (attempt 1), retrying...
  JSON parse failed (attempt 2), retrying...
  All attempts failed — storing raw output.
[1084/1900] FAIL
  JSON parse failed (attempt 1), retrying...
  JSON parse failed (attempt 2), retrying...
  All attempts failed — storing raw output.
[1085/1900] FAIL
[1086/1900] OK
  JSON parse failed (attempt 1), retrying...
  JSON parse failed (attempt 2), retrying...
  All attempts failed — storing raw output.
[1087/1900] FAIL
  JSON parse failed (attempt 1), retrying...
  JSON parse failed (attempt 2), retrying...
  All attempts failed — storing raw output.
[1088/1900] FAIL
[1089/1900] OK
  JSON parse failed (attempt 1), retrying...
  JSON parse failed (attempt 2), retrying...
  All attempts failed — storing raw output.
[1090/1900] FAIL
  JSON parse failed (attempt 1), retrying...
  JSON parse failed (attempt 2), retrying...
[1091/1900] OK
  JSON parse failed (attempt 1), retrying...
  JSON parse failed (attempt 2), retrying...
  All attempts failed — storing raw output.
[1092/1900] FAIL
  JSON parse failed (attempt 1), retrying...
  JSON parse failed (attempt 2), retrying...
  All attempts failed — storing raw output.
[1093/1900] FAIL
  JSON parse failed (attempt 1), retrying...
  JSON parse failed (attempt 2), retrying...
  All attempts failed — storing raw output.
[1094/1900] FAIL
[1095/1900] OK
  JSON parse failed (attempt 1), retrying...
  JSON parse failed (attempt 2), retrying...
  All attempts failed — storing raw output.
[1096/1900] FAIL
  JSON parse failed (attempt 1), retrying...
  JSON parse failed (attempt 2), retrying...
  All attempts failed — storing raw output.
[1097/1900] FAIL
  JSON parse failed (attempt 1), retrying...
  JSON parse failed (attempt 2), retrying...
  All attempts failed — storing raw output.
[1098/1900] FAIL
  JSON parse failed (attempt 1), retrying...
  JSON parse failed (attempt 2), retrying...
  All attempts failed — storing raw output.
[1099/1900] FAIL
  JSON parse failed (attempt 1), retrying...
  JSON parse failed (attempt 2), retrying...
  All attempts failed — storing raw output.
[1100/1900] FAIL
  JSON parse failed (attempt 1), retrying...
[1101/1900] OK
  JSON parse failed (attempt 1), retrying...
  JSON parse failed (attempt 2), retrying...
  All attempts failed — storing raw output.
[1102/1900] FAIL
  JSON parse failed (attempt 1), retrying...
  JSON parse failed (attempt 2), retrying...
[1103/1900] OK
  JSON parse failed (attempt 1), retrying...
  JSON parse failed (attempt 2), retrying...
  All attempts failed — storing raw output.
[1104/1900] FAIL
  JSON parse failed (attempt 1), retrying...
  JSON parse failed (attempt 2), retrying...
  All attempts failed — storing raw output.
[1105/1900] FAIL
  JSON parse failed (attempt 1), retrying...
  JSON parse failed (attempt 2), retrying...
  All attempts failed — storing raw output.
[1106/1900] FAIL
  JSON parse failed (attempt 1), retrying...
  JSON parse failed (attempt 2), retrying...
  All attempts failed — storing raw output.
[1107/1900] FAIL
  JSON parse failed (attempt 1), retrying...
  JSON parse failed (attempt 2), retrying...
[1108/1900] OK
  JSON parse failed (attempt 1), retrying...
  JSON parse failed (attempt 2), retrying...
[1109/1900] OK
[1110/1900] OK
[1111/1900] OK
  JSON parse failed (attempt 1), retrying...
  JSON parse failed (attempt 2), retrying...
  All attempts failed — storing raw output.
[1112/1900] FAIL
  JSON parse failed (attempt 1), retrying...
[1113/1900] OK
  JSON parse failed (attempt 1), retrying...
  JSON parse failed (attempt 2), retrying...
  All attempts failed — storing raw output.
[1114/1900] FAIL
  JSON parse failed (attempt 1), retrying...
  JSON parse failed (attempt 2), retrying...
  All attempts failed — storing raw output.
[1115/1900] FAIL
[1116/1900] OK
  JSON parse failed (attempt 1), retrying...
  JSON parse failed (attempt 2), retrying...
  All attempts failed — storing raw output.
[1117/1900] FAIL
  JSON parse failed (attempt 1), retrying...
[1118/1900] OK
  JSON parse failed (attempt 1), retrying...
  JSON parse failed (attempt 2), retrying...
[1119/1900] OK
  JSON parse failed (attempt 1), retrying...
  JSON parse failed (attempt 2), retrying...
  All attempts failed — storing raw output.
[1120/1900] FAIL
  JSON parse failed (attempt 1), retrying...
  JSON parse failed (attempt 2), retrying...
[1121/1900] OK
[1122/1900] OK
[1123/1900] OK
[1124/1900] OK
  JSON parse failed (attempt 1), retrying...
[1125/1900] OK
[1126/1900] OK
  JSON parse failed (attempt 1), retrying...
  JSON parse failed (attempt 2), retrying...
  All attempts failed — storing raw output.
[1127/1900] FAIL
  JSON parse failed (attempt 1), retrying...
[1128/1900] OK
[1129/1900] OK
[1130/1900] OK
  JSON parse failed (attempt 1), retrying...
  JSON parse failed (attempt 2), retrying...
  All attempts failed — storing raw output.
[1131/1900] FAIL
  JSON parse failed (attempt 1), retrying...
  JSON parse failed (attempt 2), retrying...
[1132/1900] OK
  JSON parse failed (attempt 1), retrying...
  JSON parse failed (attempt 2), retrying...
  All attempts failed — storing raw output.
[1133/1900] FAIL
  JSON parse failed (attempt 1), retrying...
  JSON parse failed (attempt 2), retrying...
  All attempts failed — storing raw output.
[1134/1900] FAIL
  JSON parse failed (attempt 1), retrying...
  JSON parse failed (attempt 2), retrying...
  All attempts failed — storing raw output.
[1135/1900] FAIL
[1136/1900] OK
  JSON parse failed (attempt 1), retrying...
[1137/1900] OK
  JSON parse failed (attempt 1), retrying...
  JSON parse failed (attempt 2), retrying...
  All attempts failed — storing raw output.
[1138/1900] FAIL
  JSON parse failed (attempt 1), retrying...
  JSON parse failed (attempt 2), retrying...
  All attempts failed — storing raw output.
[1139/1900] FAIL
  JSON parse failed (attempt 1), retrying...
  JSON parse failed (attempt 2), retrying...
[1140/1900] OK
[1141/1900] OK
  JSON parse failed (attempt 1), retrying...
  JSON parse failed (attempt 2), retrying...
  All attempts failed — storing raw output.
[1142/1900] FAIL
  JSON parse failed (attempt 1), retrying...
  JSON parse failed (attempt 2), retrying...
  All attempts failed — storing raw output.
[1143/1900] FAIL
  JSON parse failed (attempt 1), retrying...
[1144/1900] OK
  JSON parse failed (attempt 1), retrying...
  JSON parse failed (attempt 2), retrying...
  All attempts failed — storing raw output.
[1145/1900] FAIL
  JSON parse failed (attempt 1), retrying...
  JSON parse failed (attempt 2), retrying...
  All attempts failed — storing raw output.
[1146/1900] FAIL
  JSON parse failed (attempt 1), retrying...
  JSON parse failed (attempt 2), retrying...
  All attempts failed — storing raw output.
[1147/1900] FAIL
  JSON parse failed (attempt 1), retrying...
  JSON parse failed (attempt 2), retrying...
  All attempts failed — storing raw output.
[1148/1900] FAIL
  JSON parse failed (attempt 1), retrying...
  JSON parse failed (attempt 2), retrying...
  All attempts failed — storing raw output.
[1149/1900] FAIL
  JSON parse failed (attempt 1), retrying...
  JSON parse failed (attempt 2), retrying...
  All attempts failed — storing raw output.
[1150/1900] FAIL
  JSON parse failed (attempt 1), retrying...
  JSON parse failed (attempt 2), retrying...
  All attempts failed — storing raw output.
[1151/1900] FAIL
[1152/1900] OK
  JSON parse failed (attempt 1), retrying...
  JSON parse failed (attempt 2), retrying...
[1153/1900] OK
  JSON parse failed (attempt 1), retrying...
  JSON parse failed (attempt 2), retrying...
[1154/1900] OK
  JSON parse failed (attempt 1), retrying...
  JSON parse failed (attempt 2), retrying...
  All attempts failed — storing raw output.
[1155/1900] FAIL
  JSON parse failed (attempt 1), retrying...
[1156/1900] OK
  JSON parse failed (attempt 1), retrying...
  JSON parse failed (attempt 2), retrying...
  All attempts failed — storing raw output.
[1157/1900] FAIL
  JSON parse failed (attempt 1), retrying...
  JSON parse failed (attempt 2), retrying...
  All attempts failed — storing raw output.
[1158/1900] FAIL
  JSON parse failed (attempt 1), retrying...
  JSON parse failed (attempt 2), retrying...
  All attempts failed — storing raw output.
[1159/1900] FAIL
  JSON parse failed (attempt 1), retrying...
  JSON parse failed (attempt 2), retrying...
  All attempts failed — storing raw output.
[1160/1900] FAIL
  JSON parse failed (attempt 1), retrying...
  JSON parse failed (attempt 2), retrying...
  All attempts failed — storing raw output.
[1161/1900] FAIL
  JSON parse failed (attempt 1), retrying...
  JSON parse failed (attempt 2), retrying...
  All attempts failed — storing raw output.
[1162/1900] FAIL
  JSON parse failed (attempt 1), retrying...
  JSON parse failed (attempt 2), retrying...
  All attempts failed — storing raw output.
[1163/1900] FAIL
  JSON parse failed (attempt 1), retrying...
[1164/1900] OK
  JSON parse failed (attempt 1), retrying...
[1165/1900] OK
  JSON parse failed (attempt 1), retrying...
[1166/1900] OK
  JSON parse failed (attempt 1), retrying...
  JSON parse failed (attempt 2), retrying...
[1167/1900] OK
[1168/1900] OK
  JSON parse failed (attempt 1), retrying...
  JSON parse failed (attempt 2), retrying...
  All attempts failed — storing raw output.
[1169/1900] FAIL
  JSON parse failed (attempt 1), retrying...
  JSON parse failed (attempt 2), retrying...
[1170/1900] OK
  JSON parse failed (attempt 1), retrying...
  JSON parse failed (attempt 2), retrying...
  All attempts failed — storing raw output.
[1171/1900] FAIL
  JSON parse failed (attempt 1), retrying...
  JSON parse failed (attempt 2), retrying...
[1172/1900] OK
  JSON parse failed (attempt 1), retrying...
  JSON parse failed (attempt 2), retrying...
  All attempts failed — storing raw output.
[1173/1900] FAIL
  JSON parse failed (attempt 1), retrying...
  JSON parse failed (attempt 2), retrying...
[1174/1900] OK
  JSON parse failed (attempt 1), retrying...
  JSON parse failed (attempt 2), retrying...
  All attempts failed — storing raw output.
[1175/1900] FAIL
  JSON parse failed (attempt 1), retrying...
  JSON parse failed (attempt 2), retrying...
  All attempts failed — storing raw output.
[1176/1900] FAIL
[1177/1900] OK
  JSON parse failed (attempt 1), retrying...
  JSON parse failed (attempt 2), retrying...
  All attempts failed — storing raw output.
[1178/1900] FAIL
  JSON parse failed (attempt 1), retrying...
[1179/1900] OK
  JSON parse failed (attempt 1), retrying...
  JSON parse failed (attempt 2), retrying...
[1180/1900] OK
  JSON parse failed (attempt 1), retrying...
  JSON parse failed (attempt 2), retrying...
  All attempts failed — storing raw output.
[1181/1900] FAIL
  JSON parse failed (attempt 1), retrying...
  JSON parse failed (attempt 2), retrying...
  All attempts failed — storing raw output.
[1182/1900] FAIL
  JSON parse failed (attempt 1), retrying...
  JSON parse failed (attempt 2), retrying...
  All attempts failed — storing raw output.
[1183/1900] FAIL
  JSON parse failed (attempt 1), retrying...
  JSON parse failed (attempt 2), retrying...
  All attempts failed — storing raw output.
[1184/1900] FAIL
  JSON parse failed (attempt 1), retrying...
  JSON parse failed (attempt 2), retrying...
[1185/1900] OK
  JSON parse failed (attempt 1), retrying...
  JSON parse failed (attempt 2), retrying...
  All attempts failed — storing raw output.
[1186/1900] FAIL
  JSON parse failed (attempt 1), retrying...
  JSON parse failed (attempt 2), retrying...
[1187/1900] OK
  JSON parse failed (attempt 1), retrying...
  JSON parse failed (attempt 2), retrying...
  All attempts failed — storing raw output.
[1188/1900] FAIL
[1189/1900] OK
  JSON parse failed (attempt 1), retrying...
  JSON parse failed (attempt 2), retrying...
  All attempts failed — storing raw output.
[1190/1900] FAIL
  JSON parse failed (attempt 1), retrying...
  JSON parse failed (attempt 2), retrying...
  All attempts failed — storing raw output.
[1191/1900] FAIL
  JSON parse failed (attempt 1), retrying...
  JSON parse failed (attempt 2), retrying...
  All attempts failed — storing raw output.
[1192/1900] FAIL
  JSON parse failed (attempt 1), retrying...
  JSON parse failed (attempt 2), retrying...
[1193/1900] OK
  JSON parse failed (attempt 1), retrying...
  JSON parse failed (attempt 2), retrying...
  All attempts failed — storing raw output.
[1194/1900] FAIL
  JSON parse failed (attempt 1), retrying...
  JSON parse failed (attempt 2), retrying...
[1195/1900] OK
  JSON parse failed (attempt 1), retrying...
[1196/1900] OK
  JSON parse failed (attempt 1), retrying...
  JSON parse failed (attempt 2), retrying...
  All attempts failed — storing raw output.
[1197/1900] FAIL
  JSON parse failed (attempt 1), retrying...
  JSON parse failed (attempt 2), retrying...
  All attempts failed — storing raw output.
[1198/1900] FAIL
  JSON parse failed (attempt 1), retrying...
  JSON parse failed (attempt 2), retrying...
[1199/1900] OK
  JSON parse failed (attempt 1), retrying...
  JSON parse failed (attempt 2), retrying...
[1200/1900] OK
[1201/1900] OK
[1202/1900] OK
  JSON parse failed (attempt 1), retrying...
  JSON parse failed (attempt 2), retrying...
  All attempts failed — storing raw output.
[1203/1900] FAIL
[1204/1900] OK
  JSON parse failed (attempt 1), retrying...
  JSON parse failed (attempt 2), retrying...
[1205/1900] OK
  JSON parse failed (attempt 1), retrying...
  JSON parse failed (attempt 2), retrying...
  All attempts failed — storing raw output.
[1206/1900] FAIL
[1207/1900] OK
  JSON parse failed (attempt 1), retrying...
  JSON parse failed (attempt 2), retrying...
  All attempts failed — storing raw output.
[1208/1900] FAIL
  JSON parse failed (attempt 1), retrying...
  JSON parse failed (attempt 2), retrying...
[1209/1900] OK
[1210/1900] OK
  JSON parse failed (attempt 1), retrying...
  JSON parse failed (attempt 2), retrying...
  All attempts failed — storing raw output.
[1211/1900] FAIL
  JSON parse failed (attempt 1), retrying...
  JSON parse failed (attempt 2), retrying...
[1212/1900] OK
  JSON parse failed (attempt 1), retrying...
[1213/1900] OK
  JSON parse failed (attempt 1), retrying...
  JSON parse failed (attempt 2), retrying...
  All attempts failed — storing raw output.
[1214/1900] FAIL
  JSON parse failed (attempt 1), retrying...
  JSON parse failed (attempt 2), retrying...
  All attempts failed — storing raw output.
[1215/1900] FAIL
  JSON parse failed (attempt 1), retrying...
  JSON parse failed (attempt 2), retrying...
  All attempts failed — storing raw output.
[1216/1900] FAIL
  JSON parse failed (attempt 1), retrying...
  JSON parse failed (attempt 2), retrying...
  All attempts failed — storing raw output.
[1217/1900] FAIL
  JSON parse failed (attempt 1), retrying...
[1218/1900] OK
  JSON parse failed (attempt 1), retrying...
[1219/1900] OK
  JSON parse failed (attempt 1), retrying...
  JSON parse failed (attempt 2), retrying...
[1220/1900] OK
  JSON parse failed (attempt 1), retrying...
  JSON parse failed (attempt 2), retrying...
  All attempts failed — storing raw output.
[1221/1900] FAIL
[1222/1900] OK
[1223/1900] OK
  JSON parse failed (attempt 1), retrying...
  JSON parse failed (attempt 2), retrying...
[1224/1900] OK
  JSON parse failed (attempt 1), retrying...
[1225/1900] OK
  JSON parse failed (attempt 1), retrying...
[1226/1900] OK
[1227/1900] OK
  JSON parse failed (attempt 1), retrying...
[1228/1900] OK
[1229/1900] OK
  JSON parse failed (attempt 1), retrying...
  JSON parse failed (attempt 2), retrying...
  All attempts failed — storing raw output.
[1230/1900] FAIL
  JSON parse failed (attempt 1), retrying...
  JSON parse failed (attempt 2), retrying...
  All attempts failed — storing raw output.
[1231/1900] FAIL
  JSON parse failed (attempt 1), retrying...
  JSON parse failed (attempt 2), retrying...
  All attempts failed — storing raw output.
[1232/1900] FAIL
  JSON parse failed (attempt 1), retrying...
  JSON parse failed (attempt 2), retrying...
  All attempts failed — storing raw output.
[1233/1900] FAIL
  JSON parse failed (attempt 1), retrying...
[1234/1900] OK
  JSON parse failed (attempt 1), retrying...
  JSON parse failed (attempt 2), retrying...
  All attempts failed — storing raw output.
[1235/1900] FAIL
  JSON parse failed (attempt 1), retrying...
[1236/1900] OK
  JSON parse failed (attempt 1), retrying...
  JSON parse failed (attempt 2), retrying...
  All attempts failed — storing raw output.
[1237/1900] FAIL
  JSON parse failed (attempt 1), retrying...
  JSON parse failed (attempt 2), retrying...
  All attempts failed — storing raw output.
[1238/1900] FAIL
  JSON parse failed (attempt 1), retrying...
  JSON parse failed (attempt 2), retrying...
  All attempts failed — storing raw output.
[1239/1900] FAIL
  JSON parse failed (attempt 1), retrying...
  JSON parse failed (attempt 2), retrying...
  All attempts failed — storing raw output.
[1240/1900] FAIL
  JSON parse failed (attempt 1), retrying...
  JSON parse failed (attempt 2), retrying...
  All attempts failed — storing raw output.
[1241/1900] FAIL
  JSON parse failed (attempt 1), retrying...
[1242/1900] OK
  JSON parse failed (attempt 1), retrying...
  JSON parse failed (attempt 2), retrying...
  All attempts failed — storing raw output.
[1243/1900] FAIL
[1244/1900] OK
  JSON parse failed (attempt 1), retrying...
[1245/1900] OK
  JSON parse failed (attempt 1), retrying...
  JSON parse failed (attempt 2), retrying...
  All attempts failed — storing raw output.
[1246/1900] FAIL
[1247/1900] OK
  JSON parse failed (attempt 1), retrying...
  JSON parse failed (attempt 2), retrying...
  All attempts failed — storing raw output.
[1248/1900] FAIL
[1249/1900] OK
  JSON parse failed (attempt 1), retrying...
  JSON parse failed (attempt 2), retrying...
[1250/1900] OK
[1251/1900] OK
  JSON parse failed (attempt 1), retrying...
  JSON parse failed (attempt 2), retrying...
  All attempts failed — storing raw output.
[1252/1900] FAIL
[1253/1900] OK
[1254/1900] OK
  JSON parse failed (attempt 1), retrying...
[1255/1900] OK
  JSON parse failed (attempt 1), retrying...
  JSON parse failed (attempt 2), retrying...
  All attempts failed — storing raw output.
[1256/1900] FAIL
  JSON parse failed (attempt 1), retrying...
  JSON parse failed (attempt 2), retrying...
  All attempts failed — storing raw output.
[1257/1900] FAIL
[1258/1900] OK
[1259/1900] OK
  JSON parse failed (attempt 1), retrying...
  JSON parse failed (attempt 2), retrying...
[1260/1900] OK
  JSON parse failed (attempt 1), retrying...
  JSON parse failed (attempt 2), retrying...
  All attempts failed — storing raw output.
[1261/1900] FAIL
  JSON parse failed (attempt 1), retrying...
  JSON parse failed (attempt 2), retrying...
  All attempts failed — storing raw output.
[1262/1900] FAIL
  JSON parse failed (attempt 1), retrying...
  JSON parse failed (attempt 2), retrying...
  All attempts failed — storing raw output.
[1263/1900] FAIL
  JSON parse failed (attempt 1), retrying...
[1264/1900] OK
  JSON parse failed (attempt 1), retrying...
  JSON parse failed (attempt 2), retrying...
  All attempts failed — storing raw output.
[1265/1900] FAIL
  JSON parse failed (attempt 1), retrying...
  JSON parse failed (attempt 2), retrying...
  All attempts failed — storing raw output.
[1266/1900] FAIL
  JSON parse failed (attempt 1), retrying...
  JSON parse failed (attempt 2), retrying...
  All attempts failed — storing raw output.
[1267/1900] FAIL
  JSON parse failed (attempt 1), retrying...
  JSON parse failed (attempt 2), retrying...
[1268/1900] OK
  JSON parse failed (attempt 1), retrying...
  JSON parse failed (attempt 2), retrying...
[1269/1900] OK
  JSON parse failed (attempt 1), retrying...
  JSON parse failed (attempt 2), retrying...
[1270/1900] OK
  JSON parse failed (attempt 1), retrying...
  JSON parse failed (attempt 2), retrying...
  All attempts failed — storing raw output.
[1271/1900] FAIL
  JSON parse failed (attempt 1), retrying...
  JSON parse failed (attempt 2), retrying...
  All attempts failed — storing raw output.
[1272/1900] FAIL
[1273/1900] OK
  JSON parse failed (attempt 1), retrying...
  JSON parse failed (attempt 2), retrying...
  All attempts failed — storing raw output.
[1274/1900] FAIL
  JSON parse failed (attempt 1), retrying...
  JSON parse failed (attempt 2), retrying...
  All attempts failed — storing raw output.
[1275/1900] FAIL
  JSON parse failed (attempt 1), retrying...
  JSON parse failed (attempt 2), retrying...
  All attempts failed — storing raw output.
[1276/1900] FAIL
  JSON parse failed (attempt 1), retrying...
  JSON parse failed (attempt 2), retrying...
  All attempts failed — storing raw output.
[1277/1900] FAIL
  JSON parse failed (attempt 1), retrying...
  JSON parse failed (attempt 2), retrying...
  All attempts failed — storing raw output.
[1278/1900] FAIL
  JSON parse failed (attempt 1), retrying...
[1279/1900] OK
  JSON parse failed (attempt 1), retrying...
[1280/1900] OK
  JSON parse failed (attempt 1), retrying...
  JSON parse failed (attempt 2), retrying...
[1281/1900] OK
  JSON parse failed (attempt 1), retrying...
  JSON parse failed (attempt 2), retrying...
  All attempts failed — storing raw output.
[1282/1900] FAIL
[1283/1900] OK
  JSON parse failed (attempt 1), retrying...
  JSON parse failed (attempt 2), retrying...
  All attempts failed — storing raw output.
[1284/1900] FAIL
  JSON parse failed (attempt 1), retrying...
  JSON parse failed (attempt 2), retrying...
  All attempts failed — storing raw output.
[1285/1900] FAIL
  JSON parse failed (attempt 1), retrying...
  JSON parse failed (attempt 2), retrying...
  All attempts failed — storing raw output.
[1286/1900] FAIL
  JSON parse failed (attempt 1), retrying...
  JSON parse failed (attempt 2), retrying...
  All attempts failed — storing raw output.
[1287/1900] FAIL
[1288/1900] OK
[1289/1900] OK
  JSON parse failed (attempt 1), retrying...
  JSON parse failed (attempt 2), retrying...
  All attempts failed — storing raw output.
[1290/1900] FAIL
  JSON parse failed (attempt 1), retrying...
  JSON parse failed (attempt 2), retrying...
  All attempts failed — storing raw output.
[1291/1900] FAIL
  JSON parse failed (attempt 1), retrying...
  JSON parse failed (attempt 2), retrying...
  All attempts failed — storing raw output.
[1292/1900] FAIL
  JSON parse failed (attempt 1), retrying...
  JSON parse failed (attempt 2), retrying...
[1293/1900] OK
  JSON parse failed (attempt 1), retrying...
  JSON parse failed (attempt 2), retrying...
  All attempts failed — storing raw output.
[1294/1900] FAIL
[1295/1900] OK
  JSON parse failed (attempt 1), retrying...
  JSON parse failed (attempt 2), retrying...
  All attempts failed — storing raw output.
[1296/1900] FAIL
  JSON parse failed (attempt 1), retrying...
  JSON parse failed (attempt 2), retrying...
  All attempts failed — storing raw output.
[1297/1900] FAIL
  JSON parse failed (attempt 1), retrying...
  JSON parse failed (attempt 2), retrying...
  All attempts failed — storing raw output.
[1298/1900] FAIL
[1299/1900] OK
  JSON parse failed (attempt 1), retrying...
  JSON parse failed (attempt 2), retrying...
[1300/1900] OK
  JSON parse failed (attempt 1), retrying...
  JSON parse failed (attempt 2), retrying...
  All attempts failed — storing raw output.
[1301/1900] FAIL
[1302/1900] OK
  JSON parse failed (attempt 1), retrying...
  JSON parse failed (attempt 2), retrying...
  All attempts failed — storing raw output.
[1303/1900] FAIL
[1304/1900] OK
  JSON parse failed (attempt 1), retrying...
  JSON parse failed (attempt 2), retrying...
  All attempts failed — storing raw output.
[1305/1900] FAIL
  JSON parse failed (attempt 1), retrying...
  JSON parse failed (attempt 2), retrying...
  All attempts failed — storing raw output.
[1306/1900] FAIL
  JSON parse failed (attempt 1), retrying...
  JSON parse failed (attempt 2), retrying...
  All attempts failed — storing raw output.
[1307/1900] FAIL
  JSON parse failed (attempt 1), retrying...
  JSON parse failed (attempt 2), retrying...
  All attempts failed — storing raw output.
[1308/1900] FAIL
  JSON parse failed (attempt 1), retrying...
  JSON parse failed (attempt 2), retrying...
  All attempts failed — storing raw output.
[1309/1900] FAIL
[1310/1900] OK
  JSON parse failed (attempt 1), retrying...
[1311/1900] OK
  JSON parse failed (attempt 1), retrying...
  JSON parse failed (attempt 2), retrying...
  All attempts failed — storing raw output.
[1312/1900] FAIL
  JSON parse failed (attempt 1), retrying...
[1313/1900] OK
  JSON parse failed (attempt 1), retrying...
  JSON parse failed (attempt 2), retrying...
  All attempts failed — storing raw output.
[1314/1900] FAIL
  JSON parse failed (attempt 1), retrying...
  JSON parse failed (attempt 2), retrying...
[1315/1900] OK
  JSON parse failed (attempt 1), retrying...
  JSON parse failed (attempt 2), retrying...
  All attempts failed — storing raw output.
[1316/1900] FAIL
[1317/1900] OK
  JSON parse failed (attempt 1), retrying...
  JSON parse failed (attempt 2), retrying...
  All attempts failed — storing raw output.
[1318/1900] FAIL
  JSON parse failed (attempt 1), retrying...
  JSON parse failed (attempt 2), retrying...
  All attempts failed — storing raw output.
[1319/1900] FAIL
[1320/1900] OK
[1321/1900] OK
  JSON parse failed (attempt 1), retrying...
[1322/1900] OK
  JSON parse failed (attempt 1), retrying...
  JSON parse failed (attempt 2), retrying...
[1323/1900] OK
  JSON parse failed (attempt 1), retrying...
[1324/1900] OK
  JSON parse failed (attempt 1), retrying...
  JSON parse failed (attempt 2), retrying...
[1325/1900] OK
  JSON parse failed (attempt 1), retrying...
[1326/1900] OK
  JSON parse failed (attempt 1), retrying...
  JSON parse failed (attempt 2), retrying...
[1327/1900] OK
  JSON parse failed (attempt 1), retrying...
  JSON parse failed (attempt 2), retrying...
[1328/1900] OK
  JSON parse failed (attempt 1), retrying...
[1329/1900] OK
  JSON parse failed (attempt 1), retrying...
  JSON parse failed (attempt 2), retrying...
  All attempts failed — storing raw output.
[1330/1900] FAIL
  JSON parse failed (attempt 1), retrying...
  JSON parse failed (attempt 2), retrying...
  All attempts failed — storing raw output.
[1331/1900] FAIL
  JSON parse failed (attempt 1), retrying...
  JSON parse failed (attempt 2), retrying...
  All attempts failed — storing raw output.
[1332/1900] FAIL
  JSON parse failed (attempt 1), retrying...
  JSON parse failed (attempt 2), retrying...
  All attempts failed — storing raw output.
[1333/1900] FAIL
  JSON parse failed (attempt 1), retrying...
  JSON parse failed (attempt 2), retrying...
[1334/1900] OK
[1335/1900] OK
  JSON parse failed (attempt 1), retrying...
  JSON parse failed (attempt 2), retrying...
  All attempts failed — storing raw output.
[1336/1900] FAIL
  JSON parse failed (attempt 1), retrying...
  JSON parse failed (attempt 2), retrying...
[1337/1900] OK
  JSON parse failed (attempt 1), retrying...
[1338/1900] OK
  JSON parse failed (attempt 1), retrying...
  JSON parse failed (attempt 2), retrying...
  All attempts failed — storing raw output.
[1339/1900] FAIL
  JSON parse failed (attempt 1), retrying...
  JSON parse failed (attempt 2), retrying...
  All attempts failed — storing raw output.
[1340/1900] FAIL
  JSON parse failed (attempt 1), retrying...
  JSON parse failed (attempt 2), retrying...
  All attempts failed — storing raw output.
[1341/1900] FAIL
  JSON parse failed (attempt 1), retrying...
  JSON parse failed (attempt 2), retrying...
  All attempts failed — storing raw output.
[1342/1900] FAIL
[1343/1900] OK
  JSON parse failed (attempt 1), retrying...
  JSON parse failed (attempt 2), retrying...
  All attempts failed — storing raw output.
[1344/1900] FAIL
  JSON parse failed (attempt 1), retrying...
  JSON parse failed (attempt 2), retrying...
  All attempts failed — storing raw output.
[1345/1900] FAIL
  JSON parse failed (attempt 1), retrying...
  JSON parse failed (attempt 2), retrying...
  All attempts failed — storing raw output.
[1346/1900] FAIL
  JSON parse failed (attempt 1), retrying...
[1347/1900] OK
[1348/1900] OK
  JSON parse failed (attempt 1), retrying...
  JSON parse failed (attempt 2), retrying...
[1349/1900] OK
  JSON parse failed (attempt 1), retrying...
  JSON parse failed (attempt 2), retrying...
  All attempts failed — storing raw output.
[1350/1900] FAIL
  JSON parse failed (attempt 1), retrying...
  JSON parse failed (attempt 2), retrying...
  All attempts failed — storing raw output.
[1351/1900] FAIL
  JSON parse failed (attempt 1), retrying...
  JSON parse failed (attempt 2), retrying...
  All attempts failed — storing raw output.
[1352/1900] FAIL
  JSON parse failed (attempt 1), retrying...
[1353/1900] OK
  JSON parse failed (attempt 1), retrying...
[1354/1900] OK
[1355/1900] OK
[1356/1900] OK
  JSON parse failed (attempt 1), retrying...
  JSON parse failed (attempt 2), retrying...
[1357/1900] OK
[1358/1900] OK
  JSON parse failed (attempt 1), retrying...
  JSON parse failed (attempt 2), retrying...
  All attempts failed — storing raw output.
[1359/1900] FAIL
  JSON parse failed (attempt 1), retrying...
[1360/1900] OK
  JSON parse failed (attempt 1), retrying...
  JSON parse failed (attempt 2), retrying...
  All attempts failed — storing raw output.
[1361/1900] FAIL
[1362/1900] OK
  JSON parse failed (attempt 1), retrying...
  JSON parse failed (attempt 2), retrying...
  All attempts failed — storing raw output.
[1363/1900] FAIL
  JSON parse failed (attempt 1), retrying...
  JSON parse failed (attempt 2), retrying...
  All attempts failed — storing raw output.
[1364/1900] FAIL
  JSON parse failed (attempt 1), retrying...
  JSON parse failed (attempt 2), retrying...
[1365/1900] OK
[1366/1900] OK
  JSON parse failed (attempt 1), retrying...
[1367/1900] OK
  JSON parse failed (attempt 1), retrying...
  JSON parse failed (attempt 2), retrying...
  All attempts failed — storing raw output.
[1368/1900] FAIL
[1369/1900] OK
  JSON parse failed (attempt 1), retrying...
  JSON parse failed (attempt 2), retrying...
  All attempts failed — storing raw output.
[1370/1900] FAIL
[1371/1900] OK
  JSON parse failed (attempt 1), retrying...
  JSON parse failed (attempt 2), retrying...
  All attempts failed — storing raw output.
[1372/1900] FAIL
[1373/1900] OK
  JSON parse failed (attempt 1), retrying...
  JSON parse failed (attempt 2), retrying...
  All attempts failed — storing raw output.
[1374/1900] FAIL
[1375/1900] OK
[1376/1900] OK
[1377/1900] OK
  JSON parse failed (attempt 1), retrying...
  JSON parse failed (attempt 2), retrying...
  All attempts failed — storing raw output.
[1378/1900] FAIL
  JSON parse failed (attempt 1), retrying...
  JSON parse failed (attempt 2), retrying...
  All attempts failed — storing raw output.
[1379/1900] FAIL
  JSON parse failed (attempt 1), retrying...
  JSON parse failed (attempt 2), retrying...
  All attempts failed — storing raw output.
[1380/1900] FAIL
  JSON parse failed (attempt 1), retrying...
  JSON parse failed (attempt 2), retrying...
  All attempts failed — storing raw output.
[1381/1900] FAIL
  JSON parse failed (attempt 1), retrying...
  JSON parse failed (attempt 2), retrying...
  All attempts failed — storing raw output.
[1382/1900] FAIL
  JSON parse failed (attempt 1), retrying...
  JSON parse failed (attempt 2), retrying...
  All attempts failed — storing raw output.
[1383/1900] FAIL
[1384/1900] OK
[1385/1900] OK
  JSON parse failed (attempt 1), retrying...
  JSON parse failed (attempt 2), retrying...
  All attempts failed — storing raw output.
[1386/1900] FAIL
  JSON parse failed (attempt 1), retrying...
  JSON parse failed (attempt 2), retrying...
  All attempts failed — storing raw output.
[1387/1900] FAIL
  JSON parse failed (attempt 1), retrying...
  JSON parse failed (attempt 2), retrying...
  All attempts failed — storing raw output.
[1388/1900] FAIL
  JSON parse failed (attempt 1), retrying...
  JSON parse failed (attempt 2), retrying...
  All attempts failed — storing raw output.
[1389/1900] FAIL
  JSON parse failed (attempt 1), retrying...
  JSON parse failed (attempt 2), retrying...
  All attempts failed — storing raw output.
[1390/1900] FAIL
  JSON parse failed (attempt 1), retrying...
  JSON parse failed (attempt 2), retrying...
  All attempts failed — storing raw output.
[1391/1900] FAIL
  JSON parse failed (attempt 1), retrying...
  JSON parse failed (attempt 2), retrying...
  All attempts failed — storing raw output.
[1392/1900] FAIL
  JSON parse failed (attempt 1), retrying...
  JSON parse failed (attempt 2), retrying...
  All attempts failed — storing raw output.
[1393/1900] FAIL
  JSON parse failed (attempt 1), retrying...
  JSON parse failed (attempt 2), retrying...
  All attempts failed — storing raw output.
[1394/1900] FAIL
  JSON parse failed (attempt 1), retrying...
  JSON parse failed (attempt 2), retrying...
  All attempts failed — storing raw output.
[1395/1900] FAIL
  JSON parse failed (attempt 1), retrying...
  JSON parse failed (attempt 2), retrying...
[1396/1900] OK
  JSON parse failed (attempt 1), retrying...
  JSON parse failed (attempt 2), retrying...
  All attempts failed — storing raw output.
[1397/1900] FAIL
  JSON parse failed (attempt 1), retrying...
  JSON parse failed (attempt 2), retrying...
  All attempts failed — storing raw output.
[1398/1900] FAIL
[1399/1900] OK
  JSON parse failed (attempt 1), retrying...
[1400/1900] OK
[1401/1900] OK
  JSON parse failed (attempt 1), retrying...
  JSON parse failed (attempt 2), retrying...
  All attempts failed — storing raw output.
[1402/1900] FAIL
  JSON parse failed (attempt 1), retrying...
  JSON parse failed (attempt 2), retrying...
  All attempts failed — storing raw output.
[1403/1900] FAIL
  JSON parse failed (attempt 1), retrying...
  JSON parse failed (attempt 2), retrying...
[1404/1900] OK
  JSON parse failed (attempt 1), retrying...
  JSON parse failed (attempt 2), retrying...
  All attempts failed — storing raw output.
[1405/1900] FAIL
  JSON parse failed (attempt 1), retrying...
  JSON parse failed (attempt 2), retrying...
  All attempts failed — storing raw output.
[1406/1900] FAIL
  JSON parse failed (attempt 1), retrying...
[1407/1900] OK
  JSON parse failed (attempt 1), retrying...
  JSON parse failed (attempt 2), retrying...
  All attempts failed — storing raw output.
[1408/1900] FAIL
  JSON parse failed (attempt 1), retrying...
  JSON parse failed (attempt 2), retrying...
  All attempts failed — storing raw output.
[1409/1900] FAIL
  JSON parse failed (attempt 1), retrying...
  JSON parse failed (attempt 2), retrying...
  All attempts failed — storing raw output.
[1410/1900] FAIL
  JSON parse failed (attempt 1), retrying...
  JSON parse failed (attempt 2), retrying...
  All attempts failed — storing raw output.
[1411/1900] FAIL
  JSON parse failed (attempt 1), retrying...
  JSON parse failed (attempt 2), retrying...
[1412/1900] OK
  JSON parse failed (attempt 1), retrying...
  JSON parse failed (attempt 2), retrying...
[1413/1900] OK
[1414/1900] OK
  JSON parse failed (attempt 1), retrying...
  JSON parse failed (attempt 2), retrying...
  All attempts failed — storing raw output.
[1415/1900] FAIL
  JSON parse failed (attempt 1), retrying...
  JSON parse failed (attempt 2), retrying...
  All attempts failed — storing raw output.
[1416/1900] FAIL
  JSON parse failed (attempt 1), retrying...
  JSON parse failed (attempt 2), retrying...
  All attempts failed — storing raw output.
[1417/1900] FAIL
[1418/1900] OK
  JSON parse failed (attempt 1), retrying...
  JSON parse failed (attempt 2), retrying...
[1419/1900] OK
  JSON parse failed (attempt 1), retrying...
  JSON parse failed (attempt 2), retrying...
  All attempts failed — storing raw output.
[1420/1900] FAIL
  JSON parse failed (attempt 1), retrying...
  JSON parse failed (attempt 2), retrying...
  All attempts failed — storing raw output.
[1421/1900] FAIL
[1422/1900] OK
  JSON parse failed (attempt 1), retrying...
  JSON parse failed (attempt 2), retrying...
  All attempts failed — storing raw output.
[1423/1900] FAIL
  JSON parse failed (attempt 1), retrying...
  JSON parse failed (attempt 2), retrying...
  All attempts failed — storing raw output.
[1424/1900] FAIL
  JSON parse failed (attempt 1), retrying...
  JSON parse failed (attempt 2), retrying...
  All attempts failed — storing raw output.
[1425/1900] FAIL
  JSON parse failed (attempt 1), retrying...
  JSON parse failed (attempt 2), retrying...
  All attempts failed — storing raw output.
[1426/1900] FAIL
  JSON parse failed (attempt 1), retrying...
  JSON parse failed (attempt 2), retrying...
[1427/1900] OK
  JSON parse failed (attempt 1), retrying...
  JSON parse failed (attempt 2), retrying...
  All attempts failed — storing raw output.
[1428/1900] FAIL
  JSON parse failed (attempt 1), retrying...
  JSON parse failed (attempt 2), retrying...
  All attempts failed — storing raw output.
[1429/1900] FAIL
  JSON parse failed (attempt 1), retrying...
  JSON parse failed (attempt 2), retrying...
[1430/1900] OK
  JSON parse failed (attempt 1), retrying...
  JSON parse failed (attempt 2), retrying...
  All attempts failed — storing raw output.
[1431/1900] FAIL
  JSON parse failed (attempt 1), retrying...
  JSON parse failed (attempt 2), retrying...
  All attempts failed — storing raw output.
[1432/1900] FAIL
  JSON parse failed (attempt 1), retrying...
  JSON parse failed (attempt 2), retrying...
  All attempts failed — storing raw output.
[1433/1900] FAIL
[1434/1900] OK
  JSON parse failed (attempt 1), retrying...
  JSON parse failed (attempt 2), retrying...
  All attempts failed — storing raw output.
[1435/1900] FAIL
  JSON parse failed (attempt 1), retrying...
  JSON parse failed (attempt 2), retrying...
  All attempts failed — storing raw output.
[1436/1900] FAIL
  JSON parse failed (attempt 1), retrying...
  JSON parse failed (attempt 2), retrying...
  All attempts failed — storing raw output.
[1437/1900] FAIL
  JSON parse failed (attempt 1), retrying...
  JSON parse failed (attempt 2), retrying...
  All attempts failed — storing raw output.
[1438/1900] FAIL
  JSON parse failed (attempt 1), retrying...
  JSON parse failed (attempt 2), retrying...
  All attempts failed — storing raw output.
[1439/1900] FAIL
  JSON parse failed (attempt 1), retrying...
  JSON parse failed (attempt 2), retrying...
  All attempts failed — storing raw output.
[1440/1900] FAIL
  JSON parse failed (attempt 1), retrying...
  JSON parse failed (attempt 2), retrying...
  All attempts failed — storing raw output.
[1441/1900] FAIL
  JSON parse failed (attempt 1), retrying...
  JSON parse failed (attempt 2), retrying...
  All attempts failed — storing raw output.
[1442/1900] FAIL
  JSON parse failed (attempt 1), retrying...
  JSON parse failed (attempt 2), retrying...
  All attempts failed — storing raw output.
[1443/1900] FAIL
  JSON parse failed (attempt 1), retrying...
  JSON parse failed (attempt 2), retrying...
[1444/1900] OK
  JSON parse failed (attempt 1), retrying...
  JSON parse failed (attempt 2), retrying...
[1445/1900] OK
[1446/1900] OK
  JSON parse failed (attempt 1), retrying...
  JSON parse failed (attempt 2), retrying...
  All attempts failed — storing raw output.
[1447/1900] FAIL
  JSON parse failed (attempt 1), retrying...
  JSON parse failed (attempt 2), retrying...
[1448/1900] OK
  JSON parse failed (attempt 1), retrying...
[1449/1900] OK
  JSON parse failed (attempt 1), retrying...
  JSON parse failed (attempt 2), retrying...
[1450/1900] OK
  JSON parse failed (attempt 1), retrying...
  JSON parse failed (attempt 2), retrying...
[1451/1900] OK
[1452/1900] OK
  JSON parse failed (attempt 1), retrying...
  JSON parse failed (attempt 2), retrying...
[1453/1900] OK
  JSON parse failed (attempt 1), retrying...
[1454/1900] OK
  JSON parse failed (attempt 1), retrying...
  JSON parse failed (attempt 2), retrying...
[1455/1900] OK
[1456/1900] OK
  JSON parse failed (attempt 1), retrying...
  JSON parse failed (attempt 2), retrying...
  All attempts failed — storing raw output.
[1457/1900] FAIL
  JSON parse failed (attempt 1), retrying...
  JSON parse failed (attempt 2), retrying...
  All attempts failed — storing raw output.
[1458/1900] FAIL
  JSON parse failed (attempt 1), retrying...
  JSON parse failed (attempt 2), retrying...
  All attempts failed — storing raw output.
[1459/1900] FAIL
[1460/1900] OK
  JSON parse failed (attempt 1), retrying...
  JSON parse failed (attempt 2), retrying...
  All attempts failed — storing raw output.
[1461/1900] FAIL
  JSON parse failed (attempt 1), retrying...
  JSON parse failed (attempt 2), retrying...
[1462/1900] OK
  JSON parse failed (attempt 1), retrying...
  JSON parse failed (attempt 2), retrying...
  All attempts failed — storing raw output.
[1463/1900] FAIL
[1464/1900] OK
  JSON parse failed (attempt 1), retrying...
  JSON parse failed (attempt 2), retrying...
  All attempts failed — storing raw output.
[1465/1900] FAIL
[1466/1900] OK
  JSON parse failed (attempt 1), retrying...
  JSON parse failed (attempt 2), retrying...
  All attempts failed — storing raw output.
[1467/1900] FAIL
  JSON parse failed (attempt 1), retrying...
[1468/1900] OK
  JSON parse failed (attempt 1), retrying...
  JSON parse failed (attempt 2), retrying...
  All attempts failed — storing raw output.
[1469/1900] FAIL
  JSON parse failed (attempt 1), retrying...
  JSON parse failed (attempt 2), retrying...
  All attempts failed — storing raw output.
[1470/1900] FAIL
  JSON parse failed (attempt 1), retrying...
  JSON parse failed (attempt 2), retrying...
  All attempts failed — storing raw output.
[1471/1900] FAIL
[1472/1900] OK
[1473/1900] OK
  JSON parse failed (attempt 1), retrying...
  JSON parse failed (attempt 2), retrying...
  All attempts failed — storing raw output.
[1474/1900] FAIL
[1475/1900] OK
  JSON parse failed (attempt 1), retrying...
  JSON parse failed (attempt 2), retrying...
  All attempts failed — storing raw output.
[1476/1900] FAIL
  JSON parse failed (attempt 1), retrying...
  JSON parse failed (attempt 2), retrying...
  All attempts failed — storing raw output.
[1477/1900] FAIL
  JSON parse failed (attempt 1), retrying...
  JSON parse failed (attempt 2), retrying...
[1478/1900] OK
  JSON parse failed (attempt 1), retrying...
  JSON parse failed (attempt 2), retrying...
[1479/1900] OK
  JSON parse failed (attempt 1), retrying...
  JSON parse failed (attempt 2), retrying...
  All attempts failed — storing raw output.
[1480/1900] FAIL
  JSON parse failed (attempt 1), retrying...
  JSON parse failed (attempt 2), retrying...
  All attempts failed — storing raw output.
[1481/1900] FAIL
  JSON parse failed (attempt 1), retrying...
  JSON parse failed (attempt 2), retrying...
  All attempts failed — storing raw output.
[1482/1900] FAIL
  JSON parse failed (attempt 1), retrying...
  JSON parse failed (attempt 2), retrying...
  All attempts failed — storing raw output.
[1483/1900] FAIL
  JSON parse failed (attempt 1), retrying...
  JSON parse failed (attempt 2), retrying...
  All attempts failed — storing raw output.
[1484/1900] FAIL
  JSON parse failed (attempt 1), retrying...
  JSON parse failed (attempt 2), retrying...
  All attempts failed — storing raw output.
[1485/1900] FAIL
  JSON parse failed (attempt 1), retrying...
  JSON parse failed (attempt 2), retrying...
  All attempts failed — storing raw output.
[1486/1900] FAIL
  JSON parse failed (attempt 1), retrying...
  JSON parse failed (attempt 2), retrying...
  All attempts failed — storing raw output.
[1487/1900] FAIL
  JSON parse failed (attempt 1), retrying...
  JSON parse failed (attempt 2), retrying...
  All attempts failed — storing raw output.
[1488/1900] FAIL
  JSON parse failed (attempt 1), retrying...
  JSON parse failed (attempt 2), retrying...
  All attempts failed — storing raw output.
[1489/1900] FAIL
  JSON parse failed (attempt 1), retrying...
  JSON parse failed (attempt 2), retrying...
  All attempts failed — storing raw output.
[1490/1900] FAIL
[1491/1900] OK
  JSON parse failed (attempt 1), retrying...
  JSON parse failed (attempt 2), retrying...
  All attempts failed — storing raw output.
[1492/1900] FAIL
  JSON parse failed (attempt 1), retrying...
[1493/1900] OK
  JSON parse failed (attempt 1), retrying...
  JSON parse failed (attempt 2), retrying...
  All attempts failed — storing raw output.
[1494/1900] FAIL
[1495/1900] OK
  JSON parse failed (attempt 1), retrying...
  JSON parse failed (attempt 2), retrying...
  All attempts failed — storing raw output.
[1496/1900] FAIL
[1497/1900] OK
[1498/1900] OK
  JSON parse failed (attempt 1), retrying...
  JSON parse failed (attempt 2), retrying...
  All attempts failed — storing raw output.
[1499/1900] FAIL
  JSON parse failed (attempt 1), retrying...
  JSON parse failed (attempt 2), retrying...
  All attempts failed — storing raw output.
[1500/1900] FAIL
[1501/1900] OK
[1502/1900] OK
  JSON parse failed (attempt 1), retrying...
  JSON parse failed (attempt 2), retrying...
[1503/1900] OK
  JSON parse failed (attempt 1), retrying...
[1504/1900] OK
  JSON parse failed (attempt 1), retrying...
  JSON parse failed (attempt 2), retrying...
  All attempts failed — storing raw output.
[1505/1900] FAIL
  JSON parse failed (attempt 1), retrying...
  JSON parse failed (attempt 2), retrying...
  All attempts failed — storing raw output.
[1506/1900] FAIL
  JSON parse failed (attempt 1), retrying...
  JSON parse failed (attempt 2), retrying...
  All attempts failed — storing raw output.
[1507/1900] FAIL
  JSON parse failed (attempt 1), retrying...
  JSON parse failed (attempt 2), retrying...
  All attempts failed — storing raw output.
[1508/1900] FAIL
  JSON parse failed (attempt 1), retrying...
  JSON parse failed (attempt 2), retrying...
[1509/1900] OK
  JSON parse failed (attempt 1), retrying...
  JSON parse failed (attempt 2), retrying...
  All attempts failed — storing raw output.
[1510/1900] FAIL
[1511/1900] OK
  JSON parse failed (attempt 1), retrying...
  JSON parse failed (attempt 2), retrying...
  All attempts failed — storing raw output.
[1512/1900] FAIL
[1513/1900] OK
  JSON parse failed (attempt 1), retrying...
  JSON parse failed (attempt 2), retrying...
[1514/1900] OK
  JSON parse failed (attempt 1), retrying...
  JSON parse failed (attempt 2), retrying...
  All attempts failed — storing raw output.
[1515/1900] FAIL
  JSON parse failed (attempt 1), retrying...
  JSON parse failed (attempt 2), retrying...
[1516/1900] OK
  JSON parse failed (attempt 1), retrying...
[1517/1900] OK
  JSON parse failed (attempt 1), retrying...
  JSON parse failed (attempt 2), retrying...
  All attempts failed — storing raw output.
[1518/1900] FAIL
  JSON parse failed (attempt 1), retrying...
  JSON parse failed (attempt 2), retrying...
  All attempts failed — storing raw output.
[1519/1900] FAIL
  JSON parse failed (attempt 1), retrying...
  JSON parse failed (attempt 2), retrying...
[1520/1900] OK
  JSON parse failed (attempt 1), retrying...
[1521/1900] OK
  JSON parse failed (attempt 1), retrying...
  JSON parse failed (attempt 2), retrying...
  All attempts failed — storing raw output.
[1522/1900] FAIL
  JSON parse failed (attempt 1), retrying...
  JSON parse failed (attempt 2), retrying...
  All attempts failed — storing raw output.
[1523/1900] FAIL
  JSON parse failed (attempt 1), retrying...
  JSON parse failed (attempt 2), retrying...
[1524/1900] OK
[1525/1900] OK
[1526/1900] OK
  JSON parse failed (attempt 1), retrying...
  JSON parse failed (attempt 2), retrying...
  All attempts failed — storing raw output.
[1527/1900] FAIL
  JSON parse failed (attempt 1), retrying...
  JSON parse failed (attempt 2), retrying...
  All attempts failed — storing raw output.
[1528/1900] FAIL
  JSON parse failed (attempt 1), retrying...
  JSON parse failed (attempt 2), retrying...
  All attempts failed — storing raw output.
[1529/1900] FAIL
  JSON parse failed (attempt 1), retrying...
  JSON parse failed (attempt 2), retrying...
  All attempts failed — storing raw output.
[1530/1900] FAIL
  JSON parse failed (attempt 1), retrying...
  JSON parse failed (attempt 2), retrying...
  All attempts failed — storing raw output.
[1531/1900] FAIL
  JSON parse failed (attempt 1), retrying...
  JSON parse failed (attempt 2), retrying...
  All attempts failed — storing raw output.
[1532/1900] FAIL
[1533/1900] OK
  JSON parse failed (attempt 1), retrying...
[1534/1900] OK
  JSON parse failed (attempt 1), retrying...
  JSON parse failed (attempt 2), retrying...
  All attempts failed — storing raw output.
[1535/1900] FAIL
[1536/1900] OK
[1537/1900] OK
  JSON parse failed (attempt 1), retrying...
  JSON parse failed (attempt 2), retrying...
[1538/1900] OK
  JSON parse failed (attempt 1), retrying...
  JSON parse failed (attempt 2), retrying...
  All attempts failed — storing raw output.
[1539/1900] FAIL
  JSON parse failed (attempt 1), retrying...
[1540/1900] OK
  JSON parse failed (attempt 1), retrying...
  JSON parse failed (attempt 2), retrying...
  All attempts failed — storing raw output.
[1541/1900] FAIL
[1542/1900] OK
  JSON parse failed (attempt 1), retrying...
  JSON parse failed (attempt 2), retrying...
  All attempts failed — storing raw output.
[1543/1900] FAIL
  JSON parse failed (attempt 1), retrying...
  JSON parse failed (attempt 2), retrying...
  All attempts failed — storing raw output.
[1544/1900] FAIL
  JSON parse failed (attempt 1), retrying...
  JSON parse failed (attempt 2), retrying...
[1545/1900] OK
  JSON parse failed (attempt 1), retrying...
  JSON parse failed (attempt 2), retrying...
  All attempts failed — storing raw output.
[1546/1900] FAIL
  JSON parse failed (attempt 1), retrying...
  JSON parse failed (attempt 2), retrying...
[1547/1900] OK
  JSON parse failed (attempt 1), retrying...
[1548/1900] OK
  JSON parse failed (attempt 1), retrying...
[1549/1900] OK
  JSON parse failed (attempt 1), retrying...
  JSON parse failed (attempt 2), retrying...
  All attempts failed — storing raw output.
[1550/1900] FAIL
[1551/1900] OK
  JSON parse failed (attempt 1), retrying...
  JSON parse failed (attempt 2), retrying...
  All attempts failed — storing raw output.
[1552/1900] FAIL
  JSON parse failed (attempt 1), retrying...
[1553/1900] OK
  JSON parse failed (attempt 1), retrying...
[1554/1900] OK
  JSON parse failed (attempt 1), retrying...
  JSON parse failed (attempt 2), retrying...
  All attempts failed — storing raw output.
[1555/1900] FAIL
  JSON parse failed (attempt 1), retrying...
  JSON parse failed (attempt 2), retrying...
  All attempts failed — storing raw output.
[1556/1900] FAIL
  JSON parse failed (attempt 1), retrying...
  JSON parse failed (attempt 2), retrying...
  All attempts failed — storing raw output.
[1557/1900] FAIL
  JSON parse failed (attempt 1), retrying...
  JSON parse failed (attempt 2), retrying...
  All attempts failed — storing raw output.
[1558/1900] FAIL
  JSON parse failed (attempt 1), retrying...
  JSON parse failed (attempt 2), retrying...
[1559/1900] OK
  JSON parse failed (attempt 1), retrying...
[1560/1900] OK
  JSON parse failed (attempt 1), retrying...
  JSON parse failed (attempt 2), retrying...
[1561/1900] OK
  JSON parse failed (attempt 1), retrying...
  JSON parse failed (attempt 2), retrying...
  All attempts failed — storing raw output.
[1562/1900] FAIL
  JSON parse failed (attempt 1), retrying...
[1563/1900] OK
[1564/1900] OK
  JSON parse failed (attempt 1), retrying...
  JSON parse failed (attempt 2), retrying...
  All attempts failed — storing raw output.
[1565/1900] FAIL
  JSON parse failed (attempt 1), retrying...
[1566/1900] OK
  JSON parse failed (attempt 1), retrying...
  JSON parse failed (attempt 2), retrying...
[1567/1900] OK
  JSON parse failed (attempt 1), retrying...
  JSON parse failed (attempt 2), retrying...
  All attempts failed — storing raw output.
[1568/1900] FAIL
  JSON parse failed (attempt 1), retrying...
  JSON parse failed (attempt 2), retrying...
  All attempts failed — storing raw output.
[1569/1900] FAIL
  JSON parse failed (attempt 1), retrying...
[1570/1900] OK
  JSON parse failed (attempt 1), retrying...
  JSON parse failed (attempt 2), retrying...
  All attempts failed — storing raw output.
[1571/1900] FAIL
  JSON parse failed (attempt 1), retrying...
  JSON parse failed (attempt 2), retrying...
  All attempts failed — storing raw output.
[1572/1900] FAIL
  JSON parse failed (attempt 1), retrying...
  JSON parse failed (attempt 2), retrying...
  All attempts failed — storing raw output.
[1573/1900] FAIL
[1574/1900] OK
[1575/1900] OK
  JSON parse failed (attempt 1), retrying...
  JSON parse failed (attempt 2), retrying...
  All attempts failed — storing raw output.
[1576/1900] FAIL
[1577/1900] OK
  JSON parse failed (attempt 1), retrying...
[1578/1900] OK
  JSON parse failed (attempt 1), retrying...
[1579/1900] OK
[1580/1900] OK
  JSON parse failed (attempt 1), retrying...
  JSON parse failed (attempt 2), retrying...
  All attempts failed — storing raw output.
[1581/1900] FAIL
[1582/1900] OK
[1583/1900] OK
  JSON parse failed (attempt 1), retrying...
[1584/1900] OK
  JSON parse failed (attempt 1), retrying...
  JSON parse failed (attempt 2), retrying...
  All attempts failed — storing raw output.
[1585/1900] FAIL
  JSON parse failed (attempt 1), retrying...
  JSON parse failed (attempt 2), retrying...
  All attempts failed — storing raw output.
[1586/1900] FAIL
  JSON parse failed (attempt 1), retrying...
  JSON parse failed (attempt 2), retrying...
  All attempts failed — storing raw output.
[1587/1900] FAIL
  JSON parse failed (attempt 1), retrying...
  JSON parse failed (attempt 2), retrying...
  All attempts failed — storing raw output.
[1588/1900] FAIL
  JSON parse failed (attempt 1), retrying...
  JSON parse failed (attempt 2), retrying...
  All attempts failed — storing raw output.
[1589/1900] FAIL
[1590/1900] OK
  JSON parse failed (attempt 1), retrying...
[1591/1900] OK
  JSON parse failed (attempt 1), retrying...
  JSON parse failed (attempt 2), retrying...
  All attempts failed — storing raw output.
[1592/1900] FAIL
  JSON parse failed (attempt 1), retrying...
  JSON parse failed (attempt 2), retrying...
  All attempts failed — storing raw output.
[1593/1900] FAIL
[1594/1900] OK
  JSON parse failed (attempt 1), retrying...
  JSON parse failed (attempt 2), retrying...
  All attempts failed — storing raw output.
[1595/1900] FAIL
  JSON parse failed (attempt 1), retrying...
  JSON parse failed (attempt 2), retrying...
  All attempts failed — storing raw output.
[1596/1900] FAIL
  JSON parse failed (attempt 1), retrying...
  JSON parse failed (attempt 2), retrying...
  All attempts failed — storing raw output.
[1597/1900] FAIL
  JSON parse failed (attempt 1), retrying...
[1598/1900] OK
  JSON parse failed (attempt 1), retrying...
  JSON parse failed (attempt 2), retrying...
  All attempts failed — storing raw output.
[1599/1900] FAIL
  JSON parse failed (attempt 1), retrying...
  JSON parse failed (attempt 2), retrying...
  All attempts failed — storing raw output.
[1600/1900] FAIL
  JSON parse failed (attempt 1), retrying...
  JSON parse failed (attempt 2), retrying...
  All attempts failed — storing raw output.
[1601/1900] FAIL
  JSON parse failed (attempt 1), retrying...
  JSON parse failed (attempt 2), retrying...
  All attempts failed — storing raw output.
[1602/1900] FAIL
  JSON parse failed (attempt 1), retrying...
  JSON parse failed (attempt 2), retrying...
  All attempts failed — storing raw output.
[1603/1900] FAIL
[1604/1900] OK
[1605/1900] OK
  JSON parse failed (attempt 1), retrying...
  JSON parse failed (attempt 2), retrying...
  All attempts failed — storing raw output.
[1606/1900] FAIL
  JSON parse failed (attempt 1), retrying...
  JSON parse failed (attempt 2), retrying...
  All attempts failed — storing raw output.
[1607/1900] FAIL
  JSON parse failed (attempt 1), retrying...
  JSON parse failed (attempt 2), retrying...
  All attempts failed — storing raw output.
[1608/1900] FAIL
  JSON parse failed (attempt 1), retrying...
  JSON parse failed (attempt 2), retrying...
[1609/1900] OK
  JSON parse failed (attempt 1), retrying...
  JSON parse failed (attempt 2), retrying...
  All attempts failed — storing raw output.
[1610/1900] FAIL
  JSON parse failed (attempt 1), retrying...
  JSON parse failed (attempt 2), retrying...
  All attempts failed — storing raw output.
[1611/1900] FAIL
  JSON parse failed (attempt 1), retrying...
  JSON parse failed (attempt 2), retrying...
  All attempts failed — storing raw output.
[1612/1900] FAIL
  JSON parse failed (attempt 1), retrying...
  JSON parse failed (attempt 2), retrying...
[1613/1900] OK
  JSON parse failed (attempt 1), retrying...
  JSON parse failed (attempt 2), retrying...
[1614/1900] OK
  JSON parse failed (attempt 1), retrying...
  JSON parse failed (attempt 2), retrying...
  All attempts failed — storing raw output.
[1615/1900] FAIL
  JSON parse failed (attempt 1), retrying...
  JSON parse failed (attempt 2), retrying...
  All attempts failed — storing raw output.
[1616/1900] FAIL
  JSON parse failed (attempt 1), retrying...
  JSON parse failed (attempt 2), retrying...
[1617/1900] OK
  JSON parse failed (attempt 1), retrying...
  JSON parse failed (attempt 2), retrying...
  All attempts failed — storing raw output.
[1618/1900] FAIL
  JSON parse failed (attempt 1), retrying...
  JSON parse failed (attempt 2), retrying...
  All attempts failed — storing raw output.
[1619/1900] FAIL
  JSON parse failed (attempt 1), retrying...
  JSON parse failed (attempt 2), retrying...
  All attempts failed — storing raw output.
[1620/1900] FAIL
  JSON parse failed (attempt 1), retrying...
[1621/1900] OK
  JSON parse failed (attempt 1), retrying...
  JSON parse failed (attempt 2), retrying...
  All attempts failed — storing raw output.
[1622/1900] FAIL
  JSON parse failed (attempt 1), retrying...
  JSON parse failed (attempt 2), retrying...
  All attempts failed — storing raw output.
[1623/1900] FAIL
  JSON parse failed (attempt 1), retrying...
  JSON parse failed (attempt 2), retrying...
  All attempts failed — storing raw output.
[1624/1900] FAIL
  JSON parse failed (attempt 1), retrying...
  JSON parse failed (attempt 2), retrying...
  All attempts failed — storing raw output.
[1625/1900] FAIL
  JSON parse failed (attempt 1), retrying...
  JSON parse failed (attempt 2), retrying...
  All attempts failed — storing raw output.
[1626/1900] FAIL
  JSON parse failed (attempt 1), retrying...
[1627/1900] OK
  JSON parse failed (attempt 1), retrying...
[1628/1900] OK
[1629/1900] OK
  JSON parse failed (attempt 1), retrying...
  JSON parse failed (attempt 2), retrying...
  All attempts failed — storing raw output.
[1630/1900] FAIL
[1631/1900] OK
  JSON parse failed (attempt 1), retrying...
  JSON parse failed (attempt 2), retrying...
  All attempts failed — storing raw output.
[1632/1900] FAIL
  JSON parse failed (attempt 1), retrying...
  JSON parse failed (attempt 2), retrying...
  All attempts failed — storing raw output.
[1633/1900] FAIL
  JSON parse failed (attempt 1), retrying...
  JSON parse failed (attempt 2), retrying...
[1634/1900] OK
  JSON parse failed (attempt 1), retrying...
[1635/1900] OK
  JSON parse failed (attempt 1), retrying...
  JSON parse failed (attempt 2), retrying...
  All attempts failed — storing raw output.
[1636/1900] FAIL
  JSON parse failed (attempt 1), retrying...
  JSON parse failed (attempt 2), retrying...
  All attempts failed — storing raw output.
[1637/1900] FAIL
  JSON parse failed (attempt 1), retrying...
  JSON parse failed (attempt 2), retrying...
  All attempts failed — storing raw output.
[1638/1900] FAIL
  JSON parse failed (attempt 1), retrying...
  JSON parse failed (attempt 2), retrying...
  All attempts failed — storing raw output.
[1639/1900] FAIL
[1640/1900] OK
  JSON parse failed (attempt 1), retrying...
  JSON parse failed (attempt 2), retrying...
  All attempts failed — storing raw output.
[1641/1900] FAIL
  JSON parse failed (attempt 1), retrying...
  JSON parse failed (attempt 2), retrying...
  All attempts failed — storing raw output.
[1642/1900] FAIL
  JSON parse failed (attempt 1), retrying...
  JSON parse failed (attempt 2), retrying...
  All attempts failed — storing raw output.
[1643/1900] FAIL
  JSON parse failed (attempt 1), retrying...
  JSON parse failed (attempt 2), retrying...
  All attempts failed — storing raw output.
[1644/1900] FAIL
  JSON parse failed (attempt 1), retrying...
  JSON parse failed (attempt 2), retrying...
  All attempts failed — storing raw output.
[1645/1900] FAIL
  JSON parse failed (attempt 1), retrying...
[1646/1900] OK
  JSON parse failed (attempt 1), retrying...
  JSON parse failed (attempt 2), retrying...
  All attempts failed — storing raw output.
[1647/1900] FAIL
  JSON parse failed (attempt 1), retrying...
[1648/1900] OK
  JSON parse failed (attempt 1), retrying...
  JSON parse failed (attempt 2), retrying...
[1649/1900] OK
  JSON parse failed (attempt 1), retrying...
  JSON parse failed (attempt 2), retrying...
  All attempts failed — storing raw output.
[1650/1900] FAIL
  JSON parse failed (attempt 1), retrying...
  JSON parse failed (attempt 2), retrying...
  All attempts failed — storing raw output.
[1651/1900] FAIL
  JSON parse failed (attempt 1), retrying...
  JSON parse failed (attempt 2), retrying...
  All attempts failed — storing raw output.
[1652/1900] FAIL
[1653/1900] OK
[1654/1900] OK
  JSON parse failed (attempt 1), retrying...
  JSON parse failed (attempt 2), retrying...
  All attempts failed — storing raw output.
[1655/1900] FAIL
  JSON parse failed (attempt 1), retrying...
  JSON parse failed (attempt 2), retrying...
  All attempts failed — storing raw output.
[1656/1900] FAIL
  JSON parse failed (attempt 1), retrying...
  JSON parse failed (attempt 2), retrying...
  All attempts failed — storing raw output.
[1657/1900] FAIL
  JSON parse failed (attempt 1), retrying...
  JSON parse failed (attempt 2), retrying...
  All attempts failed — storing raw output.
[1658/1900] FAIL
  JSON parse failed (attempt 1), retrying...
  JSON parse failed (attempt 2), retrying...
  All attempts failed — storing raw output.
[1659/1900] FAIL
  JSON parse failed (attempt 1), retrying...
  JSON parse failed (attempt 2), retrying...
  All attempts failed — storing raw output.
[1660/1900] FAIL
  JSON parse failed (attempt 1), retrying...
[1661/1900] OK
  JSON parse failed (attempt 1), retrying...
  JSON parse failed (attempt 2), retrying...
  All attempts failed — storing raw output.
[1662/1900] FAIL
  JSON parse failed (attempt 1), retrying...
  JSON parse failed (attempt 2), retrying...
  All attempts failed — storing raw output.
[1663/1900] FAIL
[1664/1900] OK
[1665/1900] OK
  JSON parse failed (attempt 1), retrying...
  JSON parse failed (attempt 2), retrying...
  All attempts failed — storing raw output.
[1666/1900] FAIL
  JSON parse failed (attempt 1), retrying...
  JSON parse failed (attempt 2), retrying...
  All attempts failed — storing raw output.
[1667/1900] FAIL
  JSON parse failed (attempt 1), retrying...
  JSON parse failed (attempt 2), retrying...
  All attempts failed — storing raw output.
[1668/1900] FAIL
  JSON parse failed (attempt 1), retrying...
  JSON parse failed (attempt 2), retrying...
  All attempts failed — storing raw output.
[1669/1900] FAIL
  JSON parse failed (attempt 1), retrying...
  JSON parse failed (attempt 2), retrying...
  All attempts failed — storing raw output.
[1670/1900] FAIL
  JSON parse failed (attempt 1), retrying...
  JSON parse failed (attempt 2), retrying...
  All attempts failed — storing raw output.
[1671/1900] FAIL
  JSON parse failed (attempt 1), retrying...
  JSON parse failed (attempt 2), retrying...
  All attempts failed — storing raw output.
[1672/1900] FAIL
  JSON parse failed (attempt 1), retrying...
  JSON parse failed (attempt 2), retrying...
[1673/1900] OK
[1674/1900] OK
  JSON parse failed (attempt 1), retrying...
  JSON parse failed (attempt 2), retrying...
  All attempts failed — storing raw output.
[1675/1900] FAIL
  JSON parse failed (attempt 1), retrying...
  JSON parse failed (attempt 2), retrying...
  All attempts failed — storing raw output.
[1676/1900] FAIL
[1677/1900] OK
  JSON parse failed (attempt 1), retrying...
  JSON parse failed (attempt 2), retrying...
  All attempts failed — storing raw output.
[1678/1900] FAIL
  JSON parse failed (attempt 1), retrying...
[1679/1900] OK
  JSON parse failed (attempt 1), retrying...
  JSON parse failed (attempt 2), retrying...
  All attempts failed — storing raw output.
[1680/1900] FAIL
  JSON parse failed (attempt 1), retrying...
[1681/1900] OK
[1682/1900] OK
  JSON parse failed (attempt 1), retrying...
[1683/1900] OK
  JSON parse failed (attempt 1), retrying...
  JSON parse failed (attempt 2), retrying...
[1684/1900] OK
  JSON parse failed (attempt 1), retrying...
  JSON parse failed (attempt 2), retrying...
  All attempts failed — storing raw output.
[1685/1900] FAIL
  JSON parse failed (attempt 1), retrying...
  JSON parse failed (attempt 2), retrying...
  All attempts failed — storing raw output.
[1686/1900] FAIL
  JSON parse failed (attempt 1), retrying...
[1687/1900] OK
[1688/1900] OK
  JSON parse failed (attempt 1), retrying...
[1689/1900] OK
[1690/1900] OK
  JSON parse failed (attempt 1), retrying...
  JSON parse failed (attempt 2), retrying...
  All attempts failed — storing raw output.
[1691/1900] FAIL
  JSON parse failed (attempt 1), retrying...
  JSON parse failed (attempt 2), retrying...
  All attempts failed — storing raw output.
[1692/1900] FAIL
  JSON parse failed (attempt 1), retrying...
[1693/1900] OK
  JSON parse failed (attempt 1), retrying...
  JSON parse failed (attempt 2), retrying...
  All attempts failed — storing raw output.
[1694/1900] FAIL
  JSON parse failed (attempt 1), retrying...
  JSON parse failed (attempt 2), retrying...
  All attempts failed — storing raw output.
[1695/1900] FAIL
  JSON parse failed (attempt 1), retrying...
  JSON parse failed (attempt 2), retrying...
  All attempts failed — storing raw output.
[1696/1900] FAIL
  JSON parse failed (attempt 1), retrying...
[1697/1900] OK
  JSON parse failed (attempt 1), retrying...
[1698/1900] OK
[1699/1900] OK
  JSON parse failed (attempt 1), retrying...
  JSON parse failed (attempt 2), retrying...
  All attempts failed — storing raw output.
[1700/1900] FAIL
  JSON parse failed (attempt 1), retrying...
  JSON parse failed (attempt 2), retrying...
  All attempts failed — storing raw output.
[1701/1900] FAIL
  JSON parse failed (attempt 1), retrying...
  JSON parse failed (attempt 2), retrying...
  All attempts failed — storing raw output.
[1702/1900] FAIL
  JSON parse failed (attempt 1), retrying...
[1703/1900] OK
  JSON parse failed (attempt 1), retrying...
[1704/1900] OK
[1705/1900] OK
  JSON parse failed (attempt 1), retrying...
  JSON parse failed (attempt 2), retrying...
[1706/1900] OK
  JSON parse failed (attempt 1), retrying...
  JSON parse failed (attempt 2), retrying...
  All attempts failed — storing raw output.
[1707/1900] FAIL
  JSON parse failed (attempt 1), retrying...
[1708/1900] OK
  JSON parse failed (attempt 1), retrying...
[1709/1900] OK
  JSON parse failed (attempt 1), retrying...
  JSON parse failed (attempt 2), retrying...
  All attempts failed — storing raw output.
[1710/1900] FAIL
  JSON parse failed (attempt 1), retrying...
  JSON parse failed (attempt 2), retrying...
  All attempts failed — storing raw output.
[1711/1900] FAIL
  JSON parse failed (attempt 1), retrying...
[1712/1900] OK
[1713/1900] OK
  JSON parse failed (attempt 1), retrying...
  JSON parse failed (attempt 2), retrying...
[1714/1900] OK
[1715/1900] OK
  JSON parse failed (attempt 1), retrying...
[1716/1900] OK
[1717/1900] OK
  JSON parse failed (attempt 1), retrying...
  JSON parse failed (attempt 2), retrying...
  All attempts failed — storing raw output.
[1718/1900] FAIL
  JSON parse failed (attempt 1), retrying...
  JSON parse failed (attempt 2), retrying...
[1719/1900] OK
  JSON parse failed (attempt 1), retrying...
[1720/1900] OK
  JSON parse failed (attempt 1), retrying...
  JSON parse failed (attempt 2), retrying...
[1721/1900] OK
  JSON parse failed (attempt 1), retrying...
[1722/1900] OK
  JSON parse failed (attempt 1), retrying...
  JSON parse failed (attempt 2), retrying...
  All attempts failed — storing raw output.
[1723/1900] FAIL
  JSON parse failed (attempt 1), retrying...
  JSON parse failed (attempt 2), retrying...
  All attempts failed — storing raw output.
[1724/1900] FAIL
  JSON parse failed (attempt 1), retrying...
  JSON parse failed (attempt 2), retrying...
  All attempts failed — storing raw output.
[1725/1900] FAIL
  JSON parse failed (attempt 1), retrying...
  JSON parse failed (attempt 2), retrying...
  All attempts failed — storing raw output.
[1726/1900] FAIL
[1727/1900] OK
  JSON parse failed (attempt 1), retrying...
  JSON parse failed (attempt 2), retrying...
  All attempts failed — storing raw output.
[1728/1900] FAIL
  JSON parse failed (attempt 1), retrying...
  JSON parse failed (attempt 2), retrying...
  All attempts failed — storing raw output.
[1729/1900] FAIL
  JSON parse failed (attempt 1), retrying...
  JSON parse failed (attempt 2), retrying...
  All attempts failed — storing raw output.
[1730/1900] FAIL
  JSON parse failed (attempt 1), retrying...
  JSON parse failed (attempt 2), retrying...
  All attempts failed — storing raw output.
[1731/1900] FAIL
  JSON parse failed (attempt 1), retrying...
  JSON parse failed (attempt 2), retrying...
[1732/1900] OK
[1733/1900] OK
  JSON parse failed (attempt 1), retrying...
  JSON parse failed (attempt 2), retrying...
  All attempts failed — storing raw output.
[1734/1900] FAIL
  JSON parse failed (attempt 1), retrying...
  JSON parse failed (attempt 2), retrying...
  All attempts failed — storing raw output.
[1735/1900] FAIL
  JSON parse failed (attempt 1), retrying...
  JSON parse failed (attempt 2), retrying...
  All attempts failed — storing raw output.
[1736/1900] FAIL
  JSON parse failed (attempt 1), retrying...
[1737/1900] OK
  JSON parse failed (attempt 1), retrying...
[1738/1900] OK
[1739/1900] OK
  JSON parse failed (attempt 1), retrying...
  JSON parse failed (attempt 2), retrying...
[1740/1900] OK
  JSON parse failed (attempt 1), retrying...
[1741/1900] OK
  JSON parse failed (attempt 1), retrying...
  JSON parse failed (attempt 2), retrying...
  All attempts failed — storing raw output.
[1742/1900] FAIL
  JSON parse failed (attempt 1), retrying...
  JSON parse failed (attempt 2), retrying...
  All attempts failed — storing raw output.
[1743/1900] FAIL
  JSON parse failed (attempt 1), retrying...
  JSON parse failed (attempt 2), retrying...
  All attempts failed — storing raw output.
[1744/1900] FAIL
  JSON parse failed (attempt 1), retrying...
[1745/1900] OK
  JSON parse failed (attempt 1), retrying...
  JSON parse failed (attempt 2), retrying...
  All attempts failed — storing raw output.
[1746/1900] FAIL
[1747/1900] OK
  JSON parse failed (attempt 1), retrying...
  JSON parse failed (attempt 2), retrying...
[1748/1900] OK
  JSON parse failed (attempt 1), retrying...
  JSON parse failed (attempt 2), retrying...
  All attempts failed — storing raw output.
[1749/1900] FAIL
  JSON parse failed (attempt 1), retrying...
  JSON parse failed (attempt 2), retrying...
  All attempts failed — storing raw output.
[1750/1900] FAIL
  JSON parse failed (attempt 1), retrying...
  JSON parse failed (attempt 2), retrying...
  All attempts failed — storing raw output.
[1751/1900] FAIL
  JSON parse failed (attempt 1), retrying...
  JSON parse failed (attempt 2), retrying...
  All attempts failed — storing raw output.
[1752/1900] FAIL
  JSON parse failed (attempt 1), retrying...
  JSON parse failed (attempt 2), retrying...
  All attempts failed — storing raw output.
[1753/1900] FAIL
  JSON parse failed (attempt 1), retrying...
  JSON parse failed (attempt 2), retrying...
[1754/1900] OK
[1755/1900] OK
  JSON parse failed (attempt 1), retrying...
  JSON parse failed (attempt 2), retrying...
  All attempts failed — storing raw output.
[1756/1900] FAIL
  JSON parse failed (attempt 1), retrying...
  JSON parse failed (attempt 2), retrying...
  All attempts failed — storing raw output.
[1757/1900] FAIL
  JSON parse failed (attempt 1), retrying...
  JSON parse failed (attempt 2), retrying...
  All attempts failed — storing raw output.
[1758/1900] FAIL
  JSON parse failed (attempt 1), retrying...
  JSON parse failed (attempt 2), retrying...
  All attempts failed — storing raw output.
[1759/1900] FAIL
  JSON parse failed (attempt 1), retrying...
  JSON parse failed (attempt 2), retrying...
  All attempts failed — storing raw output.
[1760/1900] FAIL
  JSON parse failed (attempt 1), retrying...
  JSON parse failed (attempt 2), retrying...
  All attempts failed — storing raw output.
[1761/1900] FAIL
  JSON parse failed (attempt 1), retrying...
  JSON parse failed (attempt 2), retrying...
  All attempts failed — storing raw output.
[1762/1900] FAIL
  JSON parse failed (attempt 1), retrying...
  JSON parse failed (attempt 2), retrying...
  All attempts failed — storing raw output.
[1763/1900] FAIL
  JSON parse failed (attempt 1), retrying...
  JSON parse failed (attempt 2), retrying...
  All attempts failed — storing raw output.
[1764/1900] FAIL
[1765/1900] OK
  JSON parse failed (attempt 1), retrying...
  JSON parse failed (attempt 2), retrying...
  All attempts failed — storing raw output.
[1766/1900] FAIL
  JSON parse failed (attempt 1), retrying...
[1767/1900] OK
  JSON parse failed (attempt 1), retrying...
  JSON parse failed (attempt 2), retrying...
  All attempts failed — storing raw output.
[1768/1900] FAIL
  JSON parse failed (attempt 1), retrying...
  JSON parse failed (attempt 2), retrying...
  All attempts failed — storing raw output.
[1769/1900] FAIL
  JSON parse failed (attempt 1), retrying...
  JSON parse failed (attempt 2), retrying...
  All attempts failed — storing raw output.
[1770/1900] FAIL
  JSON parse failed (attempt 1), retrying...
  JSON parse failed (attempt 2), retrying...
  All attempts failed — storing raw output.
[1771/1900] FAIL
  JSON parse failed (attempt 1), retrying...
  JSON parse failed (attempt 2), retrying...
  All attempts failed — storing raw output.
[1772/1900] FAIL
[1773/1900] OK
  JSON parse failed (attempt 1), retrying...
  JSON parse failed (attempt 2), retrying...
[1774/1900] OK
  JSON parse failed (attempt 1), retrying...
[1775/1900] OK
  JSON parse failed (attempt 1), retrying...
  JSON parse failed (attempt 2), retrying...
  All attempts failed — storing raw output.
[1776/1900] FAIL
[1777/1900] OK
  JSON parse failed (attempt 1), retrying...
  JSON parse failed (attempt 2), retrying...
  All attempts failed — storing raw output.
[1778/1900] FAIL
  JSON parse failed (attempt 1), retrying...
[1779/1900] OK
  JSON parse failed (attempt 1), retrying...
  JSON parse failed (attempt 2), retrying...
  All attempts failed — storing raw output.
[1780/1900] FAIL
  JSON parse failed (attempt 1), retrying...
  JSON parse failed (attempt 2), retrying...
  All attempts failed — storing raw output.
[1781/1900] FAIL
[1782/1900] OK
  JSON parse failed (attempt 1), retrying...
[1783/1900] OK
  JSON parse failed (attempt 1), retrying...
  JSON parse failed (attempt 2), retrying...
  All attempts failed — storing raw output.
[1784/1900] FAIL
  JSON parse failed (attempt 1), retrying...
  JSON parse failed (attempt 2), retrying...
  All attempts failed — storing raw output.
[1785/1900] FAIL
  JSON parse failed (attempt 1), retrying...
  JSON parse failed (attempt 2), retrying...
  All attempts failed — storing raw output.
[1786/1900] FAIL
  JSON parse failed (attempt 1), retrying...
  JSON parse failed (attempt 2), retrying...
[1787/1900] OK
  JSON parse failed (attempt 1), retrying...
[1788/1900] OK
  JSON parse failed (attempt 1), retrying...
[1789/1900] OK
  JSON parse failed (attempt 1), retrying...
  JSON parse failed (attempt 2), retrying...
  All attempts failed — storing raw output.
[1790/1900] FAIL
  JSON parse failed (attempt 1), retrying...
  JSON parse failed (attempt 2), retrying...
  All attempts failed — storing raw output.
[1791/1900] FAIL
  JSON parse failed (attempt 1), retrying...
  JSON parse failed (attempt 2), retrying...
  All attempts failed — storing raw output.
[1792/1900] FAIL
  JSON parse failed (attempt 1), retrying...
  JSON parse failed (attempt 2), retrying...
  All attempts failed — storing raw output.
[1793/1900] FAIL
  JSON parse failed (attempt 1), retrying...
  JSON parse failed (attempt 2), retrying...
  All attempts failed — storing raw output.
[1794/1900] FAIL
  JSON parse failed (attempt 1), retrying...
  JSON parse failed (attempt 2), retrying...
  All attempts failed — storing raw output.
[1795/1900] FAIL
  JSON parse failed (attempt 1), retrying...
  JSON parse failed (attempt 2), retrying...
  All attempts failed — storing raw output.
[1796/1900] FAIL
  JSON parse failed (attempt 1), retrying...
  JSON parse failed (attempt 2), retrying...
  All attempts failed — storing raw output.
[1797/1900] FAIL
  JSON parse failed (attempt 1), retrying...
  JSON parse failed (attempt 2), retrying...
[1798/1900] OK
  JSON parse failed (attempt 1), retrying...
[1799/1900] OK
  JSON parse failed (attempt 1), retrying...
  JSON parse failed (attempt 2), retrying...
  All attempts failed — storing raw output.
[1800/1900] FAIL
  JSON parse failed (attempt 1), retrying...
  JSON parse failed (attempt 2), retrying...
  All attempts failed — storing raw output.
[1801/1900] FAIL
  JSON parse failed (attempt 1), retrying...
[1802/1900] OK
  JSON parse failed (attempt 1), retrying...
  JSON parse failed (attempt 2), retrying...
  All attempts failed — storing raw output.
[1803/1900] FAIL
  JSON parse failed (attempt 1), retrying...
  JSON parse failed (attempt 2), retrying...
  All attempts failed — storing raw output.
[1804/1900] FAIL
  JSON parse failed (attempt 1), retrying...
  JSON parse failed (attempt 2), retrying...
  All attempts failed — storing raw output.
[1805/1900] FAIL
  JSON parse failed (attempt 1), retrying...
  JSON parse failed (attempt 2), retrying...
[1806/1900] OK
  JSON parse failed (attempt 1), retrying...
  JSON parse failed (attempt 2), retrying...
  All attempts failed — storing raw output.
[1807/1900] FAIL
  JSON parse failed (attempt 1), retrying...
  JSON parse failed (attempt 2), retrying...
  All attempts failed — storing raw output.
[1808/1900] FAIL
  JSON parse failed (attempt 1), retrying...
[1809/1900] OK
[1810/1900] OK
  JSON parse failed (attempt 1), retrying...
  JSON parse failed (attempt 2), retrying...
  All attempts failed — storing raw output.
[1811/1900] FAIL
  JSON parse failed (attempt 1), retrying...
  JSON parse failed (attempt 2), retrying...
[1812/1900] OK
[1813/1900] OK
  JSON parse failed (attempt 1), retrying...
  JSON parse failed (attempt 2), retrying...
  All attempts failed — storing raw output.
[1814/1900] FAIL
[1815/1900] OK
  JSON parse failed (attempt 1), retrying...
  JSON parse failed (attempt 2), retrying...
  All attempts failed — storing raw output.
[1816/1900] FAIL
  JSON parse failed (attempt 1), retrying...
  JSON parse failed (attempt 2), retrying...
  All attempts failed — storing raw output.
[1817/1900] FAIL
  JSON parse failed (attempt 1), retrying...
  JSON parse failed (attempt 2), retrying...
  All attempts failed — storing raw output.
[1818/1900] FAIL
  JSON parse failed (attempt 1), retrying...
[1819/1900] OK
  JSON parse failed (attempt 1), retrying...
  JSON parse failed (attempt 2), retrying...
  All attempts failed — storing raw output.
[1820/1900] FAIL
  JSON parse failed (attempt 1), retrying...
  JSON parse failed (attempt 2), retrying...
  All attempts failed — storing raw output.
[1821/1900] FAIL
  JSON parse failed (attempt 1), retrying...
  JSON parse failed (attempt 2), retrying...
  All attempts failed — storing raw output.
[1822/1900] FAIL
  JSON parse failed (attempt 1), retrying...
  JSON parse failed (attempt 2), retrying...
  All attempts failed — storing raw output.
[1823/1900] FAIL
  JSON parse failed (attempt 1), retrying...
[1824/1900] OK
  JSON parse failed (attempt 1), retrying...
  JSON parse failed (attempt 2), retrying...
  All attempts failed — storing raw output.
[1825/1900] FAIL
  JSON parse failed (attempt 1), retrying...
  JSON parse failed (attempt 2), retrying...
[1826/1900] OK
[1827/1900] OK
  JSON parse failed (attempt 1), retrying...
  JSON parse failed (attempt 2), retrying...
  All attempts failed — storing raw output.
[1828/1900] FAIL
[1829/1900] OK
  JSON parse failed (attempt 1), retrying...
  JSON parse failed (attempt 2), retrying...
  All attempts failed — storing raw output.
[1830/1900] FAIL
  JSON parse failed (attempt 1), retrying...
  JSON parse failed (attempt 2), retrying...
  All attempts failed — storing raw output.
[1831/1900] FAIL
  JSON parse failed (attempt 1), retrying...
  JSON parse failed (attempt 2), retrying...
  All attempts failed — storing raw output.
[1832/1900] FAIL
[1833/1900] OK
  JSON parse failed (attempt 1), retrying...
  JSON parse failed (attempt 2), retrying...
  All attempts failed — storing raw output.
[1834/1900] FAIL
  JSON parse failed (attempt 1), retrying...
  JSON parse failed (attempt 2), retrying...
  All attempts failed — storing raw output.
[1835/1900] FAIL
  JSON parse failed (attempt 1), retrying...
[1836/1900] OK
  JSON parse failed (attempt 1), retrying...
  JSON parse failed (attempt 2), retrying...
  All attempts failed — storing raw output.
[1837/1900] FAIL
  JSON parse failed (attempt 1), retrying...
[1838/1900] OK
  JSON parse failed (attempt 1), retrying...
  JSON parse failed (attempt 2), retrying...
[1839/1900] OK
  JSON parse failed (attempt 1), retrying...
  JSON parse failed (attempt 2), retrying...
  All attempts failed — storing raw output.
[1840/1900] FAIL
  JSON parse failed (attempt 1), retrying...
[1841/1900] OK
  JSON parse failed (attempt 1), retrying...
  JSON parse failed (attempt 2), retrying...
  All attempts failed — storing raw output.
[1842/1900] FAIL
[1843/1900] OK
  JSON parse failed (attempt 1), retrying...
  JSON parse failed (attempt 2), retrying...
  All attempts failed — storing raw output.
[1844/1900] FAIL
  JSON parse failed (attempt 1), retrying...
  JSON parse failed (attempt 2), retrying...
  All attempts failed — storing raw output.
[1845/1900] FAIL
  JSON parse failed (attempt 1), retrying...
  JSON parse failed (attempt 2), retrying...
  All attempts failed — storing raw output.
[1846/1900] FAIL
  JSON parse failed (attempt 1), retrying...
  JSON parse failed (attempt 2), retrying...
  All attempts failed — storing raw output.
[1847/1900] FAIL
[1848/1900] OK
  JSON parse failed (attempt 1), retrying...
  JSON parse failed (attempt 2), retrying...
  All attempts failed — storing raw output.
[1849/1900] FAIL
[1850/1900] OK
[1851/1900] OK
  JSON parse failed (attempt 1), retrying...
  JSON parse failed (attempt 2), retrying...
  All attempts failed — storing raw output.
[1852/1900] FAIL
  JSON parse failed (attempt 1), retrying...
[1853/1900] OK
  JSON parse failed (attempt 1), retrying...
  JSON parse failed (attempt 2), retrying...
  All attempts failed — storing raw output.
[1854/1900] FAIL
  JSON parse failed (attempt 1), retrying...
  JSON parse failed (attempt 2), retrying...
[1855/1900] OK
  JSON parse failed (attempt 1), retrying...
[1856/1900] OK
  JSON parse failed (attempt 1), retrying...
  JSON parse failed (attempt 2), retrying...
  All attempts failed — storing raw output.
[1857/1900] FAIL
  JSON parse failed (attempt 1), retrying...
  JSON parse failed (attempt 2), retrying...
  All attempts failed — storing raw output.
[1858/1900] FAIL
[1859/1900] OK
  JSON parse failed (attempt 1), retrying...
  JSON parse failed (attempt 2), retrying...
  All attempts failed — storing raw output.
[1860/1900] FAIL
  JSON parse failed (attempt 1), retrying...
  JSON parse failed (attempt 2), retrying...
  All attempts failed — storing raw output.
[1861/1900] FAIL
  JSON parse failed (attempt 1), retrying...
  JSON parse failed (attempt 2), retrying...
  All attempts failed — storing raw output.
[1862/1900] FAIL
  JSON parse failed (attempt 1), retrying...
  JSON parse failed (attempt 2), retrying...
  All attempts failed — storing raw output.
[1863/1900] FAIL
  JSON parse failed (attempt 1), retrying...
  JSON parse failed (attempt 2), retrying...
  All attempts failed — storing raw output.
[1864/1900] FAIL
  JSON parse failed (attempt 1), retrying...
  JSON parse failed (attempt 2), retrying...
  All attempts failed — storing raw output.
[1865/1900] FAIL
  JSON parse failed (attempt 1), retrying...
  JSON parse failed (attempt 2), retrying...
  All attempts failed — storing raw output.
[1866/1900] FAIL
  JSON parse failed (attempt 1), retrying...
  JSON parse failed (attempt 2), retrying...
  All attempts failed — storing raw output.
[1867/1900] FAIL
  JSON parse failed (attempt 1), retrying...
  JSON parse failed (attempt 2), retrying...
  All attempts failed — storing raw output.
[1868/1900] FAIL
[1869/1900] OK
  JSON parse failed (attempt 1), retrying...
  JSON parse failed (attempt 2), retrying...
  All attempts failed — storing raw output.
[1870/1900] FAIL
  JSON parse failed (attempt 1), retrying...
  JSON parse failed (attempt 2), retrying...
  All attempts failed — storing raw output.
[1871/1900] FAIL
  JSON parse failed (attempt 1), retrying...
[1872/1900] OK
  JSON parse failed (attempt 1), retrying...
  JSON parse failed (attempt 2), retrying...
  All attempts failed — storing raw output.
[1873/1900] FAIL
  JSON parse failed (attempt 1), retrying...
  JSON parse failed (attempt 2), retrying...
[1874/1900] OK
  JSON parse failed (attempt 1), retrying...
  JSON parse failed (attempt 2), retrying...
  All attempts failed — storing raw output.
[1875/1900] FAIL
  JSON parse failed (attempt 1), retrying...
  JSON parse failed (attempt 2), retrying...
  All attempts failed — storing raw output.
[1876/1900] FAIL
[1877/1900] OK
  JSON parse failed (attempt 1), retrying...
  JSON parse failed (attempt 2), retrying...
  All attempts failed — storing raw output.
[1878/1900] FAIL
  JSON parse failed (attempt 1), retrying...
  JSON parse failed (attempt 2), retrying...
  All attempts failed — storing raw output.
[1879/1900] FAIL
[1880/1900] OK
  JSON parse failed (attempt 1), retrying...
[1881/1900] OK
  JSON parse failed (attempt 1), retrying...
  JSON parse failed (attempt 2), retrying...
  All attempts failed — storing raw output.
[1882/1900] FAIL
  JSON parse failed (attempt 1), retrying...
  JSON parse failed (attempt 2), retrying...
  All attempts failed — storing raw output.
[1883/1900] FAIL
[1884/1900] OK
[1885/1900] OK
  JSON parse failed (attempt 1), retrying...
[1886/1900] OK
  JSON parse failed (attempt 1), retrying...
  JSON parse failed (attempt 2), retrying...
  All attempts failed — storing raw output.
[1887/1900] FAIL
  JSON parse failed (attempt 1), retrying...
  JSON parse failed (attempt 2), retrying...
  All attempts failed — storing raw output.
[1888/1900] FAIL
  JSON parse failed (attempt 1), retrying...
  JSON parse failed (attempt 2), retrying...
  All attempts failed — storing raw output.
[1889/1900] FAIL
  JSON parse failed (attempt 1), retrying...
[1890/1900] OK
[1891/1900] OK
  JSON parse failed (attempt 1), retrying...
  JSON parse failed (attempt 2), retrying...
  All attempts failed — storing raw output.
[1892/1900] FAIL
  JSON parse failed (attempt 1), retrying...
  JSON parse failed (attempt 2), retrying...
  All attempts failed — storing raw output.
[1893/1900] FAIL
  JSON parse failed (attempt 1), retrying...
  JSON parse failed (attempt 2), retrying...
  All attempts failed — storing raw output.
[1894/1900] FAIL
[1895/1900] OK
[1896/1900] OK
  JSON parse failed (attempt 1), retrying...
[1897/1900] OK
  JSON parse failed (attempt 1), retrying...
  JSON parse failed (attempt 2), retrying...
  All attempts failed — storing raw output.
[1898/1900] FAIL
  JSON parse failed (attempt 1), retrying...
  JSON parse failed (attempt 2), retrying...
  All attempts failed — storing raw output.
[1899/1900] FAIL
  JSON parse failed (attempt 1), retrying...
  JSON parse failed (attempt 2), retrying...
  All attempts failed — storing raw output.
[1900/1900] FAIL

Done. Results written to results/Qwen_Qwen3-32B_results.jsonl
